{"stats":{"minecraft:killed_by":{"minecraft:player":10},"minecraft:crafted":{"minecraft:wooden_sword":2,"minecraft:oak_planks":120,"minecraft:furnace":2,"minecraft:cooked_mutton":2,"minecraft:diamond_helmet":1,"minecraft:iron_boots":1,"minecraft:diamond_leggings":1,"minecraft:iron_axe":2,"minecraft:chest":2,"minecraft:diamond_boots":1,"minecraft:jungle_stairs":4,"minecraft:oak_slab":114,"minecraft:cooked_porkchop":13,"minecraft:crafting_table":6,"minecraft:iron_helmet":1,"minecraft:iron_sword":1,"minecraft:bucket":1,"minecraft:air":0,"minecraft:jungle_planks":120,"minecraft:oak_boat":2,"minecraft:iron_chestplate":1,"minecraft:diamond_pickaxe":1,"minecraft:shield":1,"minecraft:stick":8,"minecraft:iron_ingot":32,"minecraft:iron_pickaxe":2,"minecraft:wooden_axe":2,"minecraft:iron_shovel":1,"minecraft:iron_leggings":1,"minecraft:white_bed":1,"minecraft:torch":44,"minecraft:diamond_chestplate":1},"minecraft:mined":{"minecraft:diamond_ore":1,"minecraft:tuff":8,"minecraft:deepslate_diamond_ore":2,"minecraft:jungle_leaves":3,"minecraft:grass_block":130,"minecraft:jungle_planks":44,"minecraft:jungle_log":30,"minecraft:furnace":2,"minecraft:iron_ore":26,"minecraft:fire":1,"minecraft:gold_block":1,"minecraft:vine":2,"minecraft:deepslate_iron_ore":45,"minecraft:stone":50,"minecraft:crafting_table":12,"minecraft:jungle_stairs":1,"minecraft:dead_bush":101,"minecraft:tall_grass":6,"minecraft:cobblestone":1,"minecraft:deepslate_gold_ore":1,"minecraft:lapis_ore":2,"minecraft:oak_planks":14,"minecraft:cactus":2,"minecraft:birch_leaves":1,"minecraft:grass":28,"minecraft:oak_log":66,"minecraft:coal_ore":42,"minecraft:dripstone_block":1,"minecraft:dirt":3,"minecraft:netherrack":3,"minecraft:gold_ore":4,"minecraft:fern":1,"minecraft:oak_leaves":17,"minecraft:deepslate":81},"minecraft:broken":{"minecraft:iron_axe":1,"minecraft:iron_pickaxe":1},"minecraft:used":{"minecraft:iron_shovel":122,"minecraft:chest":2,"minecraft:shield":23,"minecraft:iron_sword":152,"minecraft:netherrack":3,"minecraft:torch":44,"minecraft:dirt":8,"minecraft:jungle_planks":133,"minecraft:tuff":9,"minecraft:wooden_axe":41,"minecraft:iron_axe":208,"minecraft:bamboo":23,"minecraft:oak_sapling":3,"minecraft:furnace":2,"minecraft:cobbled_deepslate":84,"minecraft:cooked_mutton":2,"minecraft:water_bucket":25,"minecraft:oak_planks":16,"minecraft:cactus":6,"minecraft:oak_slab":106,"minecraft:crafting_table":17,"minecraft:white_bed":2,"minecraft:dripstone_block":4,"minecraft:bread":53,"minecraft:iron_pickaxe":271,"minecraft:jungle_stairs":5,"minecraft:deepslate":1,"minecraft:wooden_sword":9,"minecraft:cobblestone":36,"minecraft:cooked_porkchop":2,"minecraft:bucket":26,"minecraft:oak_boat":4},"minecraft:killed":{"minecraft:witch":1,"minecraft:spider":4,"minecraft:slime":1,"minecraft:phantom":2,"minecraft:skeleton":13,"minecraft:chicken":1,"minecraft:drowned":1,"minecraft:pig":24,"minecraft:creeper":3,"minecraft:sheep":4,"minecraft:zombie":14,"minecraft:cow":8},"minecraft:dropped":{"minecraft:wheat_seeds":6,"minecraft:dirt":6,"minecraft:rotten_flesh":7,"minecraft:oak_planks":2,"minecraft:spider_eye":1},"minecraft:custom":{"minecraft:mob_kills":76,"minecraft:interact_with_crafting_table":35,"minecraft:leave_game":6,"minecraft:time_since_death":128788,"minecraft:climb_one_cm":3484,"minecraft:sprint_one_cm":719716,"minecraft:walk_one_cm":308193,"minecraft:damage_blocked_by_shield":760,"minecraft:drop":9,"minecraft:play_time":152419,"minecraft:deaths":11,"minecraft:sneak_time":4713,"minecraft:walk_under_water_one_cm":12063,"minecraft:boat_one_cm":247243,"minecraft:jump":5007,"minecraft:walk_on_water_one_cm":29660,"minecraft:total_world_time":152419,"minecraft:interact_with_furnace":42,"minecraft:sleep_in_bed":5,"minecraft:time_since_rest":6521,"minecraft:damage_taken":5242,"minecraft:damage_dealt":12520,"minecraft:fly_one_cm":1061072,"minecraft:swim_one_cm":51790,"minecraft:player_kills":2,"minecraft:open_chest":17,"minecraft:crouch_one_cm":15782,"minecraft:fall_one_cm":153909},"minecraft:picked_up":{"minecraft:wooden_axe":2,"minecraft:iron_chestplate":2,"minecraft:crafting_table":13,"minecraft:clay_ball":21,"minecraft:gold_block":1,"minecraft:shield":2,"minecraft:string":3,"minecraft:iron_axe":1,"minecraft:cobbled_deepslate":84,"minecraft:beef":16,"minecraft:oak_boat":2,"minecraft:furnace":4,"minecraft:raw_iron":71,"minecraft:stick":197,"minecraft:copper_ingot":1,"minecraft:porkchop":51,"minecraft:diorite":10,"minecraft:cactus":6,"minecraft:arrow":32,"minecraft:rotten_flesh":21,"minecraft:jungle_stairs":1,"minecraft:totem_of_undying":1,"minecraft:mutton":7,"minecraft:white_wool":4,"minecraft:cobblestone":52,"minecraft:jungle_log":34,"minecraft:andesite":6,"minecraft:leather":8,"minecraft:potato":1,"minecraft:tuff":9,"minecraft:oak_log":100,"minecraft:gunpowder":4,"minecraft:lapis_lazuli":14,"minecraft:dirt":134,"minecraft:bone":9,"minecraft:acacia_planks":1,"minecraft:apple":62,"minecraft:bow":3,"minecraft:wheat_seeds":10,"minecraft:raw_gold":5,"minecraft:iron_ingot":26,"minecraft:bamboo":23,"minecraft:glass_bottle":2,"minecraft:oak_planks":26,"minecraft:iron_sword":2,"minecraft:dripstone_block":4,"minecraft:jungle_planks":44,"minecraft:white_bed":1,"minecraft:spider_eye":1,"minecraft:slime_ball":1,"minecraft:diamond":67,"minecraft:deepslate":1,"minecraft:iron_helmet":1,"minecraft:bread":64,"minecraft:oak_sapling":6,"minecraft:netherrack":3,"minecraft:coal":42,"minecraft:diamond_pickaxe":1}},"DataVersion":2975}