{"stats":{"minecraft:killed_by":{"minecraft:player":10},"minecraft:crafted":{"minecraft:wooden_sword":2,"minecraft:oak_planks":60,"minecraft:cooked_porkchop":13,"minecraft:crafting_table":5,"minecraft:iron_helmet":1,"minecraft:iron_sword":1,"minecraft:furnace":2,"minecraft:bucket":1,"minecraft:cooked_mutton":2,"minecraft:air":0,"minecraft:jungle_planks":60,"minecraft:oak_boat":1,"minecraft:diamond_helmet":1,"minecraft:diamond_leggings":1,"minecraft:iron_boots":1,"minecraft:iron_chestplate":1,"minecraft:diamond_pickaxe":1,"minecraft:shield":1,"minecraft:iron_axe":1,"minecraft:stick":8,"minecraft:iron_ingot":32,"minecraft:iron_pickaxe":2,"minecraft:wooden_axe":2,"minecraft:iron_leggings":1,"minecraft:diamond_boots":1,"minecraft:torch":44,"minecraft:diamond_chestplate":1},"minecraft:mined":{"minecraft:diamond_ore":1,"minecraft:tuff":8,"minecraft:deepslate_diamond_ore":2,"minecraft:jungle_leaves":1,"minecraft:crafting_table":10,"minecraft:grass_block":5,"minecraft:jungle_planks":2,"minecraft:jungle_log":24,"minecraft:dead_bush":101,"minecraft:tall_grass":1,"minecraft:cobblestone":1,"minecraft:lapis_ore":2,"minecraft:deepslate_gold_ore":1,"minecraft:oak_planks":1,"minecraft:cactus":2,"minecraft:furnace":2,"minecraft:iron_ore":26,"minecraft:birch_leaves":1,"minecraft:gold_block":1,"minecraft:grass":9,"minecraft:coal_ore":42,"minecraft:oak_log":31,"minecraft:deepslate_iron_ore":45,"minecraft:vine":2,"minecraft:dripstone_block":1,"minecraft:dirt":1,"minecraft:stone":50,"minecraft:netherrack":3,"minecraft:gold_ore":4,"minecraft:oak_leaves":10,"minecraft:deepslate":81,"minecraft:fern":1},"minecraft:broken":{"minecraft:iron_pickaxe":1},"minecraft:used":{"minecraft:cooked_mutton":2,"minecraft:water_bucket":4,"minecraft:oak_planks":1,"minecraft:cactus":6,"minecraft:shield":20,"minecraft:iron_sword":72,"minecraft:netherrack":3,"minecraft:torch":44,"minecraft:dirt":6,"minecraft:crafting_table":13,"minecraft:jungle_planks":3,"minecraft:white_bed":1,"minecraft:dripstone_block":4,"minecraft:tuff":9,"minecraft:wooden_axe":41,"minecraft:bread":28,"minecraft:iron_axe":97,"minecraft:iron_pickaxe":271,"minecraft:deepslate":1,"minecraft:wooden_sword":9,"minecraft:cobblestone":32,"minecraft:furnace":2,"minecraft:oak_sapling":3,"minecraft:cooked_porkchop":2,"minecraft:bucket":5,"minecraft:oak_boat":2,"minecraft:cobbled_deepslate":84},"minecraft:killed":{"minecraft:pig":20,"minecraft:spider":2,"minecraft:slime":1,"minecraft:creeper":2,"minecraft:skeleton":10,"minecraft:sheep":3,"minecraft:zombie":9,"minecraft:chicken":1,"minecraft:cow":7},"minecraft:dropped":{"minecraft:wheat_seeds":6,"minecraft:rotten_flesh":5,"minecraft:dirt":6},"minecraft:custom":{"minecraft:interact_with_furnace":42,"minecraft:mob_kills":55,"minecraft:interact_with_crafting_table":19,"minecraft:leave_game":5,"minecraft:time_since_death":74569,"minecraft:sleep_in_bed":2,"minecraft:climb_one_cm":2343,"minecraft:time_since_rest":73477,"minecraft:sprint_one_cm":460418,"minecraft:damage_taken":4748,"minecraft:walk_one_cm":187914,"minecraft:damage_blocked_by_shield":680,"minecraft:drop":5,"minecraft:damage_dealt":8510,"minecraft:swim_one_cm":33814,"minecraft:fly_one_cm":647709,"minecraft:player_kills":2,"minecraft:open_chest":5,"minecraft:crouch_one_cm":4851,"minecraft:sneak_time":2570,"minecraft:play_time":98200,"minecraft:deaths":11,"minecraft:walk_under_water_one_cm":10890,"minecraft:boat_one_cm":147630,"minecraft:jump":3212,"minecraft:walk_on_water_one_cm":18870,"minecraft:total_world_time":98200,"minecraft:fall_one_cm":108675},"minecraft:picked_up":{"minecraft:wooden_axe":2,"minecraft:iron_chestplate":2,"minecraft:crafting_table":11,"minecraft:clay_ball":21,"minecraft:jungle_log":28,"minecraft:andesite":6,"minecraft:leather":8,"minecraft:potato":1,"minecraft:gold_block":1,"minecraft:tuff":9,"minecraft:oak_log":65,"minecraft:shield":2,"minecraft:gunpowder":4,"minecraft:lapis_lazuli":14,"minecraft:string":3,"minecraft:dirt":12,"minecraft:iron_axe":1,"minecraft:bone":8,"minecraft:acacia_planks":1,"minecraft:apple":62,"minecraft:bow":3,"minecraft:wheat_seeds":10,"minecraft:cobbled_deepslate":84,"minecraft:raw_gold":5,"minecraft:beef":13,"minecraft:iron_ingot":26,"minecraft:oak_boat":1,"minecraft:oak_planks":11,"minecraft:iron_sword":2,"minecraft:furnace":4,"minecraft:stick":193,"minecraft:raw_iron":71,"minecraft:dripstone_block":4,"minecraft:porkchop":43,"minecraft:jungle_planks":2,"minecraft:diorite":10,"minecraft:white_bed":1,"minecraft:cactus":6,"minecraft:arrow":30,"minecraft:rotten_flesh":19,"minecraft:slime_ball":1,"minecraft:deepslate":1,"minecraft:diamond":67,"minecraft:iron_helmet":1,"minecraft:bread":64,"minecraft:totem_of_undying":1,"minecraft:netherrack":3,"minecraft:oak_sapling":6,"minecraft:mutton":5,"minecraft:coal":42,"minecraft:white_wool":3,"minecraft:cobblestone":52,"minecraft:diamond_pickaxe":1}},"DataVersion":2975}