{"stats":{"minecraft:killed_by":{"minecraft:player":10},"minecraft:crafted":{"minecraft:wooden_sword":2,"minecraft:oak_planks":36,"minecraft:diamond_helmet":1,"minecraft:diamond_leggings":1,"minecraft:diamond_pickaxe":1,"minecraft:crafting_table":4,"minecraft:stick":4,"minecraft:wooden_axe":2,"minecraft:diamond_boots":1,"minecraft:diamond_chestplate":1},"minecraft:mined":{"minecraft:cactus":2,"minecraft:crafting_table":2,"minecraft:grass_block":1,"minecraft:oak_log":26,"minecraft:dead_bush":101,"minecraft:dirt":1,"minecraft:oak_leaves":8},"minecraft:used":{"minecraft:wooden_axe":41,"minecraft:cactus":6,"minecraft:deepslate":1,"minecraft:dirt":2,"minecraft:wooden_sword":9,"minecraft:crafting_table":5,"minecraft:oak_sapling":1},"minecraft:killed":{"minecraft:zombie":1},"minecraft:custom":{"minecraft:time_since_rest":21,"minecraft:sprint_one_cm":117997,"minecraft:damage_taken":3798,"minecraft:walk_one_cm":54314,"minecraft:mob_kills":1,"minecraft:damage_dealt":1113,"minecraft:swim_one_cm":13953,"minecraft:interact_with_crafting_table":8,"minecraft:fly_one_cm":168540,"minecraft:player_kills":2,"minecraft:crouch_one_cm":260,"minecraft:play_time":23472,"minecraft:walk_under_water_one_cm":5164,"minecraft:deaths":11,"minecraft:sneak_time":229,"minecraft:jump":774,"minecraft:leave_game":1,"minecraft:walk_on_water_one_cm":10252,"minecraft:time_since_death":0,"minecraft:total_world_time":23472,"minecraft:fall_one_cm":42546},"minecraft:picked_up":{"minecraft:wooden_axe":2,"minecraft:crafting_table":3,"minecraft:stick":163,"minecraft:iron_chestplate":2,"minecraft:andesite":6,"minecraft:potato":1,"minecraft:oak_log":59,"minecraft:diorite":10,"minecraft:shield":2,"minecraft:gunpowder":4,"minecraft:dirt":2,"minecraft:iron_axe":1,"minecraft:cactus":6,"minecraft:rotten_flesh":14,"minecraft:acacia_planks":1,"minecraft:deepslate":1,"minecraft:apple":62,"minecraft:diamond":64,"minecraft:bow":1,"minecraft:iron_helmet":1,"minecraft:totem_of_undying":1,"minecraft:oak_sapling":4,"minecraft:oak_planks":10,"minecraft:iron_sword":2,"minecraft:furnace":2,"minecraft:diamond_pickaxe":1}},"DataVersion":2975}