{"stats":{"minecraft:broken":{"minecraft:stone_pickaxe":1},"minecraft:killed_by":{"minecraft:skeleton":1},"minecraft:mined":{"minecraft:jungle_leaves":4,"minecraft:crafting_table":3,"minecraft:torch":1,"minecraft:red_sand":1,"minecraft:grass_block":5,"minecraft:melon":12,"minecraft:dead_bush":21,"minecraft:cobblestone":1,"minecraft:hay_block":38,"minecraft:lime_bed":2,"minecraft:coarse_dirt":9,"minecraft:iron_ore":3,"minecraft:wheat":7,"minecraft:grass":36,"minecraft:oak_log":11,"minecraft:coal_ore":11,"minecraft:dirt":8,"minecraft:sand":3,"minecraft:terracotta":1,"minecraft:stone":47,"minecraft:oak_leaves":10,"minecraft:fern":12},"minecraft:custom":{"minecraft:mob_kills":6,"minecraft:interact_with_crafting_table":12,"minecraft:leave_game":3,"minecraft:time_since_death":36248,"minecraft:sleep_in_bed":3,"minecraft:climb_one_cm":2939,"minecraft:time_since_rest":36268,"minecraft:sprint_one_cm":220998,"minecraft:damage_taken":1286,"minecraft:walk_one_cm":319280,"minecraft:drop":6,"minecraft:damage_dealt":894,"minecraft:swim_one_cm":17293,"minecraft:talked_to_villager":3,"minecraft:fly_one_cm":334288,"minecraft:crouch_one_cm":3662,"minecraft:play_time":93189,"minecraft:deaths":3,"minecraft:sneak_time":1250,"minecraft:walk_under_water_one_cm":7429,"minecraft:boat_one_cm":39039,"minecraft:jump":2279,"minecraft:walk_on_water_one_cm":20445,"minecraft:total_world_time":93189,"minecraft:fall_one_cm":70321},"minecraft:picked_up":{"minecraft:lime_bed":2,"minecraft:crafting_table":5,"minecraft:coarse_dirt":9,"minecraft:wheat":8,"minecraft:feather":1,"minecraft:cooked_beef":8,"minecraft:chicken":2,"minecraft:leather_leggings":1,"minecraft:wooden_pickaxe":2,"minecraft:oak_log":12,"minecraft:dirt":13,"minecraft:paper":14,"minecraft:wheat_seeds":28,"minecraft:red_sand":1,"minecraft:stone_pickaxe":1,"minecraft:light_gray_wool":1,"minecraft:melon_slice":67,"minecraft:oak_planks":11,"minecraft:furnace":1,"minecraft:stick":37,"minecraft:raw_iron":3,"minecraft:sandstone":6,"minecraft:torch":1,"minecraft:sand":3,"minecraft:rotten_flesh":12,"minecraft:hay_block":38,"minecraft:terracotta":1,"minecraft:mutton":7,"minecraft:coal":11,"minecraft:white_wool":4,"minecraft:cobblestone":66},"minecraft:dropped":{"minecraft:wheat_seeds":22,"minecraft:rotten_flesh":1,"minecraft:oak_button":2,"minecraft:wooden_pickaxe":2},"minecraft:killed":{"minecraft:spider":1,"minecraft:sheep":5},"minecraft:used":{"minecraft:stone_sword":51,"minecraft:red_sand":1,"minecraft:stone_pickaxe":15,"minecraft:wooden_pickaxe":127,"minecraft:dirt":10,"minecraft:sand":3,"minecraft:mutton":7,"minecraft:terracotta":1,"minecraft:crafting_table":4,"minecraft:melon_slice":8,"minecraft:cobblestone":1,"minecraft:cooked_beef":4,"minecraft:coarse_dirt":9},"minecraft:crafted":{"minecraft:oak_planks":44,"minecraft:crafting_table":2,"minecraft:wooden_pickaxe":3,"minecraft:stick":8,"minecraft:stone_pickaxe":1,"minecraft:stone_sword":1,"minecraft:oak_button":2,"minecraft:white_bed":1,"minecraft:torch":36}},"DataVersion":2975}