{"stats":{"minecraft:killed_by":{"minecraft:player":1,"minecraft:skeleton":1,"minecraft:zombie":1,"minecraft:pillager":1},"minecraft:crafted":{"minecraft:oak_slab":12,"minecraft:oak_planks":616,"minecraft:wooden_shovel":2,"minecraft:crafting_table":2,"minecraft:wooden_pickaxe":3,"minecraft:glass":23,"minecraft:stick":12,"minecraft:stone_pickaxe":1,"minecraft:oak_stairs":16,"minecraft:stone_sword":1,"minecraft:oak_button":2,"minecraft:white_bed":1,"minecraft:torch":36},"minecraft:mined":{"minecraft:oak_slab":21,"minecraft:white_bed":5,"minecraft:jungle_leaves":4,"minecraft:dandelion":2,"minecraft:crafting_table":3,"minecraft:torch":1,"minecraft:red_sand":1,"minecraft:grass_block":154,"minecraft:melon":12,"minecraft:dead_bush":21,"minecraft:glass":2,"minecraft:tall_grass":14,"minecraft:cobblestone":1,"minecraft:oak_planks":190,"minecraft:hay_block":38,"minecraft:lime_bed":2,"minecraft:coarse_dirt":10,"minecraft:iron_ore":3,"minecraft:wheat":7,"minecraft:grass":78,"minecraft:coal_ore":11,"minecraft:oak_log":68,"minecraft:dirt_path":1,"minecraft:oak_stairs":11,"minecraft:dirt":59,"minecraft:sand":26,"minecraft:terracotta":1,"minecraft:stone":47,"minecraft:oak_leaves":49,"minecraft:fern":14},"minecraft:used":{"minecraft:stone_sword":51,"minecraft:red_sand":1,"minecraft:stone_pickaxe":15,"minecraft:oak_planks":720,"minecraft:wooden_pickaxe":150,"minecraft:cut_sandstone":2,"minecraft:wooden_shovel":145,"minecraft:sandstone_wall":3,"minecraft:oak_leaves":6,"minecraft:terracotta":1,"minecraft:sand":4,"minecraft:dirt":227,"minecraft:mutton":7,"minecraft:oak_slab":33,"minecraft:crafting_table":5,"minecraft:white_bed":6,"minecraft:glass":8,"minecraft:cornflower":1,"minecraft:oxeye_daisy":1,"minecraft:oak_stairs":22,"minecraft:melon_slice":16,"minecraft:stone_axe":132,"minecraft:cobblestone":1,"minecraft:beef":1,"minecraft:oak_sapling":1,"minecraft:cooked_beef":4,"minecraft:coarse_dirt":9,"minecraft:dandelion":1},"minecraft:broken":{"minecraft:stone_pickaxe":1,"minecraft:wooden_shovel":1,"minecraft:stone_axe":1,"minecraft:wooden_pickaxe":1},"minecraft:killed":{"minecraft:spider":1,"minecraft:skeleton":1,"minecraft:sheep":6},"minecraft:dropped":{"minecraft:wheat_seeds":34,"minecraft:rotten_flesh":1,"minecraft:oak_planks":8,"minecraft:dirt":5,"minecraft:oak_button":2,"minecraft:oak_stairs":1,"minecraft:wooden_pickaxe":2,"minecraft:oak_leaves":1},"minecraft:custom":{"minecraft:interact_with_furnace":3,"minecraft:mob_kills":8,"minecraft:interact_with_crafting_table":24,"minecraft:leave_game":4,"minecraft:time_since_death":50979,"minecraft:sleep_in_bed":8,"minecraft:climb_one_cm":4778,"minecraft:time_since_rest":974,"minecraft:sprint_one_cm":383843,"minecraft:damage_taken":2267,"minecraft:walk_one_cm":585063,"minecraft:drop":33,"minecraft:damage_dealt":1255,"minecraft:swim_one_cm":17293,"minecraft:talked_to_villager":3,"minecraft:fly_one_cm":464379,"minecraft:crouch_one_cm":37575,"minecraft:play_time":204985,"minecraft:deaths":7,"minecraft:sneak_time":9166,"minecraft:walk_under_water_one_cm":7429,"minecraft:boat_one_cm":39039,"minecraft:jump":3316,"minecraft:walk_on_water_one_cm":21101,"minecraft:total_world_time":204985,"minecraft:fall_one_cm":92895},"minecraft:picked_up":{"minecraft:coarse_dirt":13,"minecraft:lime_bed":2,"minecraft:crafting_table":6,"minecraft:wheat":8,"minecraft:feather":1,"minecraft:cooked_beef":8,"minecraft:chicken":2,"minecraft:leather_leggings":1,"minecraft:cut_sandstone":2,"minecraft:wooden_pickaxe":7,"minecraft:oak_stairs":24,"minecraft:smooth_sandstone_stairs":1,"minecraft:oak_log":247,"minecraft:cornflower":3,"minecraft:paper":14,"minecraft:dirt":311,"minecraft:bone":8,"minecraft:apple":4,"minecraft:wheat_seeds":63,"minecraft:red_sand":1,"minecraft:stone_pickaxe":1,"minecraft:beef":64,"minecraft:wooden_shovel":2,"minecraft:light_gray_wool":4,"minecraft:melon_slice":235,"minecraft:oak_planks":395,"minecraft:furnace":1,"minecraft:oak_slab":27,"minecraft:stick":43,"minecraft:raw_iron":3,"minecraft:sandstone":6,"minecraft:torch":1,"minecraft:dandelion":3,"minecraft:sandstone_wall":3,"minecraft:sand":27,"minecraft:jungle_fence_gate":1,"minecraft:white_bed":8,"minecraft:arrow":8,"minecraft:rotten_flesh":21,"minecraft:stone_axe":2,"minecraft:hay_block":38,"minecraft:bread":136,"minecraft:terracotta":1,"minecraft:oak_sapling":4,"minecraft:oak_leaves":92,"minecraft:mutton":12,"minecraft:coal":17,"minecraft:white_wool":11,"minecraft:cobblestone":102,"minecraft:oxeye_daisy":3}},"DataVersion":2975}