{"stats":{"minecraft:killed_by":{"minecraft:player":1,"minecraft:creeper":1,"minecraft:pillager":1,"minecraft:skeleton":2,"minecraft:zombie":1},"minecraft:crafted":{"minecraft:oak_door":3,"minecraft:oak_planks":780,"minecraft:glass_pane":32,"minecraft:glass":23,"minecraft:stone_pickaxe":1,"minecraft:chest":2,"minecraft:oak_button":2,"minecraft:oak_slab":12,"minecraft:wooden_shovel":2,"minecraft:crafting_table":3,"minecraft:wooden_pickaxe":3,"minecraft:stick":12,"minecraft:oak_stairs":16,"minecraft:stone_sword":1,"minecraft:white_bed":1,"minecraft:torch":36},"minecraft:mined":{"minecraft:white_bed":10,"minecraft:oak_door":3,"minecraft:jungle_leaves":4,"minecraft:red_sand":1,"minecraft:grass_block":160,"minecraft:hay_block":38,"minecraft:cobbled_deepslate":2,"minecraft:iron_ore":3,"minecraft:dirt_path":1,"minecraft:oak_stairs":12,"minecraft:stone":47,"minecraft:oak_slab":27,"minecraft:glass_pane":2,"minecraft:dandelion":2,"minecraft:crafting_table":3,"minecraft:torch":1,"minecraft:poppy":2,"minecraft:melon":12,"minecraft:dead_bush":21,"minecraft:glass":2,"minecraft:cobblestone":1,"minecraft:tall_grass":14,"minecraft:oak_planks":211,"minecraft:lime_bed":2,"minecraft:coarse_dirt":10,"minecraft:wheat":7,"minecraft:grass":78,"minecraft:oak_log":77,"minecraft:coal_ore":11,"minecraft:sand":26,"minecraft:dirt":86,"minecraft:terracotta":1,"minecraft:oak_leaves":55,"minecraft:fern":14},"minecraft:broken":{"minecraft:wooden_shovel":1,"minecraft:wooden_pickaxe":1,"minecraft:stone_pickaxe":1,"minecraft:stone_axe":1},"minecraft:used":{"minecraft:red_sand":1,"minecraft:stone_sword":51,"minecraft:chest":2,"minecraft:wooden_shovel":145,"minecraft:sandstone_wall":3,"minecraft:oak_door":7,"minecraft:torch":4,"minecraft:dirt":256,"minecraft:mutton":7,"minecraft:glass":8,"minecraft:oak_stairs":23,"minecraft:beef":1,"minecraft:oak_sapling":1,"minecraft:cooked_beef":4,"minecraft:stone_pickaxe":17,"minecraft:oak_planks":898,"minecraft:wooden_pickaxe":150,"minecraft:cut_sandstone":2,"minecraft:oak_leaves":6,"minecraft:sand":4,"minecraft:terracotta":1,"minecraft:oak_slab":47,"minecraft:crafting_table":6,"minecraft:white_bed":10,"minecraft:cornflower":1,"minecraft:oxeye_daisy":1,"minecraft:melon_slice":16,"minecraft:stone_axe":132,"minecraft:cobblestone":1,"minecraft:glass_pane":32,"minecraft:coarse_dirt":9,"minecraft:dandelion":1},"minecraft:killed":{"minecraft:spider":1,"minecraft:skeleton":1,"minecraft:sheep":6},"minecraft:dropped":{"minecraft:iron_ingot":2,"minecraft:wheat_seeds":290,"minecraft:lapis_lazuli":74,"minecraft:crafting_table":2,"minecraft:iron_helmet":1,"minecraft:cobblestone":128,"minecraft:granite":13,"minecraft:stick":64,"minecraft:dirt":34,"minecraft:diorite":4,"minecraft:torch":12,"minecraft:cornflower":2,"minecraft:melon_slice":58,"minecraft:brown_wool":6,"minecraft:brown_terracotta":1,"minecraft:jungle_sapling":16,"minecraft:writable_book":1,"minecraft:oak_stairs":6,"minecraft:wooden_sword":2,"minecraft:iron_pickaxe":1,"minecraft:string":22,"minecraft:dandelion":6,"minecraft:oak_door":4,"minecraft:sugar_cane":3,"minecraft:cobbled_deepslate":56,"minecraft:cocoa_beans":3,"minecraft:wheat":7,"minecraft:stone_shovel":1,"minecraft:rotten_flesh":1,"minecraft:iron_boots":1,"minecraft:oak_planks":9,"minecraft:iron_hoe":1,"minecraft:stripped_oak_log":1,"minecraft:azure_bluet":2,"minecraft:white_bed":1,"minecraft:shears":1,"minecraft:oak_button":2,"minecraft:orange_terracotta":2,"minecraft:diamond_pickaxe":1,"minecraft:iron_chestplate":1,"minecraft:chest":1,"minecraft:wooden_shovel":1,"minecraft:spider_eye":1,"minecraft:sandstone":112,"minecraft:beef":126,"minecraft:arrow":12,"minecraft:stone_pickaxe":1,"minecraft:wooden_pickaxe":3,"minecraft:raw_gold":15,"minecraft:oak_leaves":129,"minecraft:terracotta":18},"minecraft:custom":{"minecraft:mob_kills":8,"minecraft:interact_with_crafting_table":35,"minecraft:leave_game":5,"minecraft:time_since_death":17888,"minecraft:climb_one_cm":4778,"minecraft:sprint_one_cm":478255,"minecraft:walk_one_cm":723090,"minecraft:drop":104,"minecraft:talked_to_villager":3,"minecraft:play_time":258493,"minecraft:deaths":9,"minecraft:sneak_time":10828,"minecraft:walk_under_water_one_cm":8639,"minecraft:boat_one_cm":39039,"minecraft:jump":3759,"minecraft:walk_on_water_one_cm":28499,"minecraft:total_world_time":258493,"minecraft:interact_with_furnace":3,"minecraft:sleep_in_bed":12,"minecraft:time_since_rest":5879,"minecraft:damage_taken":2786,"minecraft:damage_dealt":1275,"minecraft:swim_one_cm":17293,"minecraft:fly_one_cm":522897,"minecraft:open_chest":13,"minecraft:crouch_one_cm":43280,"minecraft:fall_one_cm":104913},"minecraft:picked_up":{"minecraft:cocoa_beans":9,"minecraft:crafting_table":9,"minecraft:coarse_dirt":14,"minecraft:iron_chestplate":2,"minecraft:wheat":29,"minecraft:azure_bluet":4,"minecraft:chicken":2,"minecraft:leather_leggings":1,"minecraft:wooden_pickaxe":9,"minecraft:oak_stairs":35,"minecraft:cornflower":6,"minecraft:string":29,"minecraft:wooden_sword":2,"minecraft:iron_leggings":1,"minecraft:red_sand":1,"minecraft:cobbled_deepslate":60,"minecraft:beef":190,"minecraft:poppy":4,"minecraft:jungle_sapling":24,"minecraft:wooden_shovel":4,"minecraft:iron_pickaxe":2,"minecraft:light_gray_wool":5,"minecraft:melon_slice":293,"minecraft:sugar_cane":6,"minecraft:chest":1,"minecraft:phantom_membrane":2,"minecraft:iron_boots":1,"minecraft:furnace":1,"minecraft:raw_iron":3,"minecraft:stick":377,"minecraft:sandstone":230,"minecraft:oak_door":11,"minecraft:brown_terracotta":2,"minecraft:torch":21,"minecraft:sandstone_wall":3,"minecraft:jungle_fence_gate":1,"minecraft:diorite":4,"minecraft:redstone":26,"minecraft:arrow":52,"minecraft:rotten_flesh":42,"minecraft:stone_shovel":3,"minecraft:shears":4,"minecraft:hay_block":38,"minecraft:mutton":12,"minecraft:white_wool":38,"minecraft:cobblestone":254,"minecraft:oxeye_daisy":3,"minecraft:stripped_oak_log":2,"minecraft:lime_bed":2,"minecraft:feather":1,"minecraft:cooked_beef":114,"minecraft:cut_sandstone":2,"minecraft:brown_wool":9,"minecraft:smooth_sandstone_stairs":1,"minecraft:oak_log":320,"minecraft:gunpowder":3,"minecraft:lapis_lazuli":111,"minecraft:dirt":424,"minecraft:paper":14,"minecraft:orange_terracotta":6,"minecraft:glass":3,"minecraft:bone":14,"minecraft:apple":4,"minecraft:wheat_seeds":593,"minecraft:raw_gold":45,"minecraft:iron_ingot":4,"minecraft:stone_pickaxe":5,"minecraft:oak_planks":516,"minecraft:oak_slab":35,"minecraft:dandelion":9,"minecraft:sand":27,"minecraft:white_bed":17,"minecraft:spider_eye":2,"minecraft:stripped_jungle_log":1,"minecraft:iron_hoe":2,"minecraft:stone_axe":2,"minecraft:writable_book":1,"minecraft:iron_helmet":3,"minecraft:crossbow":1,"minecraft:granite":26,"minecraft:bread":160,"minecraft:terracotta":37,"minecraft:oak_sapling":24,"minecraft:coal":17,"minecraft:oak_leaves":176,"minecraft:diamond_pickaxe":1}},"DataVersion":2975}