{"stats":{"minecraft:killed_by":{"minecraft:player":6},"minecraft:crafted":{"minecraft:wooden_sword":1,"minecraft:oak_door":3,"minecraft:oak_planks":144,"minecraft:leather_boots":1,"minecraft:furnace":4,"minecraft:cooked_mutton":2,"minecraft:flint_and_steel":1,"minecraft:iron_boots":1,"minecraft:iron_axe":1,"minecraft:stone_pickaxe":2,"minecraft:wheat":99,"minecraft:cooked_beef":9,"minecraft:crafting_table":4,"minecraft:wooden_pickaxe":2,"minecraft:iron_helmet":1,"minecraft:iron_sword":1,"minecraft:bucket":1,"minecraft:stone_axe":2,"minecraft:bread":33,"minecraft:air":0,"minecraft:oak_boat":2,"minecraft:iron_chestplate":1,"minecraft:shield":1,"minecraft:stick":28,"minecraft:iron_ingot":5,"minecraft:wooden_axe":2,"minecraft:stone_sword":1,"minecraft:iron_leggings":1,"minecraft:white_bed":1,"minecraft:acacia_planks":36,"minecraft:torch":68},"minecraft:mined":{"minecraft:glow_lichen":2,"minecraft:granite":1,"minecraft:acacia_log":9,"minecraft:grass_block":18,"minecraft:moss_block":1,"minecraft:spawner":2,"minecraft:hay_block":12,"minecraft:furnace":2,"minecraft:iron_ore":52,"minecraft:fire":1,"minecraft:deepslate_iron_ore":1,"minecraft:stone":126,"minecraft:acacia_leaves":1,"minecraft:crafting_table":8,"minecraft:torch":2,"minecraft:melon":7,"minecraft:dead_bush":90,"minecraft:cobblestone":3,"minecraft:wall_torch":2,"minecraft:wheat":2,"minecraft:grass":9,"minecraft:oak_log":36,"minecraft:coal_ore":116,"minecraft:dirt":37,"minecraft:sand":34,"minecraft:gravel":44,"minecraft:cobweb":57,"minecraft:gold_ore":1,"minecraft:oak_leaves":8,"minecraft:deepslate":1},"minecraft:used":{"minecraft:moss_block":1,"minecraft:netherite_sword":13,"minecraft:stone_sword":32,"minecraft:shield":6,"minecraft:iron_sword":100,"minecraft:torch":36,"minecraft:granite":1,"minecraft:brown_terracotta":2,"minecraft:wooden_axe":24,"minecraft:lava_bucket":13,"minecraft:iron_axe":5,"minecraft:furnace":4,"minecraft:oak_sapling":1,"minecraft:egg":2,"minecraft:cooked_beef":1,"minecraft:cobbled_deepslate":1,"minecraft:cooked_mutton":2,"minecraft:water_bucket":6,"minecraft:stone_pickaxe":70,"minecraft:ender_pearl":1,"minecraft:wooden_pickaxe":34,"minecraft:leather_boots":1,"minecraft:white_wool":1,"minecraft:crafting_table":12,"minecraft:white_bed":1,"minecraft:apple":1,"minecraft:diamond_shovel":133,"minecraft:melon_slice":34,"minecraft:bread":25,"minecraft:iron_pickaxe":204,"minecraft:red_terracotta":1,"minecraft:gravel":1,"minecraft:stone_axe":80,"minecraft:wooden_sword":1,"minecraft:cobblestone":48,"minecraft:bucket":19,"minecraft:oak_boat":8},"minecraft:killed":{"minecraft:cave_spider":1,"minecraft:spider":2,"minecraft:skeleton":1,"minecraft:chicken":3,"minecraft:sheep":3,"minecraft:zombie":23,"minecraft:enderman":2},"minecraft:dropped":{"minecraft:iron_sword":1,"minecraft:wheat_seeds":4,"minecraft:diamond":453,"minecraft:oak_fence":1,"minecraft:glow_berries":4,"minecraft:granite":4,"minecraft:jungle_planks":4,"minecraft:rail":2,"minecraft:dirt":51,"minecraft:wooden_axe":3,"minecraft:brown_terracotta":1,"minecraft:iron_leggings":2,"minecraft:jungle_sapling":2,"minecraft:wooden_sword":2,"minecraft:sand":34,"minecraft:acacia_planks":1,"minecraft:redstone":162,"minecraft:gravel":40,"minecraft:stone_axe":1,"minecraft:stone_sword":1,"minecraft:cobbled_deepslate":49,"minecraft:tuff":16,"minecraft:rotten_flesh":26,"minecraft:iron_boots":2,"minecraft:gunpowder":4,"minecraft:orange_terracotta":2,"minecraft:iron_chestplate":1,"minecraft:andesite":2,"minecraft:leather_boots":1,"minecraft:oak_sapling":8,"minecraft:wooden_pickaxe":4,"minecraft:stone_pickaxe":1,"minecraft:podzol":1,"minecraft:terracotta":11},"minecraft:custom":{"minecraft:mob_kills":37,"minecraft:interact_with_crafting_table":27,"minecraft:leave_game":3,"minecraft:time_since_death":19678,"minecraft:sprint_one_cm":250900,"minecraft:walk_one_cm":328719,"minecraft:damage_blocked_by_shield":130,"minecraft:drop":65,"minecraft:play_time":99414,"minecraft:deaths":7,"minecraft:sneak_time":1280,"minecraft:walk_under_water_one_cm":8161,"minecraft:boat_one_cm":40167,"minecraft:jump":1738,"minecraft:walk_on_water_one_cm":26775,"minecraft:total_world_time":99414,"minecraft:interact_with_furnace":11,"minecraft:time_since_rest":19698,"minecraft:damage_taken":3986,"minecraft:damage_dealt":8639,"minecraft:swim_one_cm":22772,"minecraft:fly_one_cm":279838,"minecraft:player_kills":5,"minecraft:crouch_one_cm":3851,"minecraft:interact_with_smoker":1,"minecraft:fall_one_cm":55892},"minecraft:picked_up":{"minecraft:wooden_axe":2,"minecraft:crafting_table":9,"minecraft:iron_chestplate":1,"minecraft:chainmail_boots":1,"minecraft:chicken":2,"minecraft:wooden_pickaxe":3,"minecraft:string":62,"minecraft:wooden_sword":2,"minecraft:iron_leggings":2,"minecraft:cobbled_deepslate":98,"minecraft:netherite_sword":1,"minecraft:beef":9,"minecraft:oak_boat":7,"minecraft:jungle_sapling":2,"minecraft:iron_pickaxe":2,"minecraft:melon_slice":34,"minecraft:chest":1,"minecraft:egg":2,"minecraft:iron_boots":2,"minecraft:furnace":2,"minecraft:raw_iron":80,"minecraft:stick":187,"minecraft:brown_terracotta":3,"minecraft:oak_fence":1,"minecraft:torch":4,"minecraft:acacia_log":9,"minecraft:redstone":162,"minecraft:stone_sword":1,"minecraft:arrow":9,"minecraft:rotten_flesh":26,"minecraft:hay_block":11,"minecraft:mutton":7,"minecraft:cobblestone":169,"minecraft:rail":2,"minecraft:white_wool":4,"minecraft:feather":1,"minecraft:cooked_beef":64,"minecraft:water_bucket":1,"minecraft:andesite":2,"minecraft:leather":4,"minecraft:flint":3,"minecraft:tuff":32,"minecraft:chainmail_chestplate":1,"minecraft:oak_log":36,"minecraft:gunpowder":4,"minecraft:dirt":51,"minecraft:orange_terracotta":2,"minecraft:leather_boots":1,"minecraft:podzol":1,"minecraft:bone":7,"minecraft:apple":1,"minecraft:wheat_seeds":4,"minecraft:raw_gold":30,"minecraft:iron_ingot":40,"minecraft:stone_pickaxe":1,"minecraft:moss_block":1,"minecraft:oak_planks":117,"minecraft:cooked_porkchop":101,"minecraft:gravel":41,"minecraft:sand":34,"minecraft:jungle_planks":8,"minecraft:red_terracotta":1,"minecraft:diamond_shovel":1,"minecraft:stone_axe":1,"minecraft:diamond":453,"minecraft:chainmail_leggings":1,"minecraft:granite":5,"minecraft:chainmail_helmet":1,"minecraft:bread":86,"minecraft:terracotta":11,"minecraft:oak_sapling":9,"minecraft:coal":144,"minecraft:ender_pearl":3}},"DataVersion":2975}