{"stats":{"minecraft:killed_by":{"minecraft:player":6},"minecraft:crafted":{"minecraft:oak_planks":768,"minecraft:cobblestone_slab":18,"minecraft:stone":17,"minecraft:cooked_mutton":12,"minecraft:iron_boots":1,"minecraft:bow":1,"minecraft:chest":3,"minecraft:emerald":40,"minecraft:arrow":16,"minecraft:diamond_axe":1,"minecraft:crafting_table":11,"minecraft:wooden_pickaxe":2,"minecraft:iron_helmet":1,"minecraft:birch_planks":28,"minecraft:iron_chestplate":1,"minecraft:shield":3,"minecraft:stick":1252,"minecraft:iron_ingot":88,"minecraft:iron_pickaxe":4,"minecraft:stone_sword":1,"minecraft:gold_ingot":27,"minecraft:shears":1,"minecraft:wooden_sword":1,"minecraft:oak_door":6,"minecraft:stone_shovel":2,"minecraft:fishing_rod":1,"minecraft:leather_boots":1,"minecraft:furnace":7,"minecraft:blast_furnace":1,"minecraft:flint_and_steel":1,"minecraft:iron_axe":1,"minecraft:stone_pickaxe":2,"minecraft:wheat":789,"minecraft:cooked_beef":9,"minecraft:diamond_sword":1,"minecraft:iron_sword":2,"minecraft:bucket":3,"minecraft:stone_axe":2,"minecraft:bread":283,"minecraft:air":0,"minecraft:oak_boat":2,"minecraft:wooden_axe":2,"minecraft:iron_shovel":1,"minecraft:iron_leggings":1,"minecraft:white_bed":2,"minecraft:acacia_planks":36,"minecraft:torch":112},"minecraft:mined":{"minecraft:stone_pressure_plate":2,"minecraft:white_bed":5,"minecraft:oak_sapling":1,"minecraft:granite":6,"minecraft:acacia_log":9,"minecraft:grass_block":159,"minecraft:composter":3,"minecraft:spawner":4,"minecraft:iron_ore":135,"minecraft:fire":5,"minecraft:fletching_table":10,"minecraft:dirt_path":3,"minecraft:azalea":1,"minecraft:white_banner":1,"minecraft:green_bed":1,"minecraft:clay":1,"minecraft:torch":9,"minecraft:blast_furnace":2,"minecraft:melon":7,"minecraft:chest":3,"minecraft:dead_bush":91,"minecraft:cobblestone":79,"minecraft:oak_planks":16,"minecraft:wall_torch":10,"minecraft:seagrass":3,"minecraft:blue_terracotta":1,"minecraft:birch_log":9,"minecraft:wheat":9,"minecraft:grass":41,"minecraft:oak_log":181,"minecraft:beetroots":1,"minecraft:dirt":330,"minecraft:sand":47,"minecraft:oak_leaves":76,"minecraft:deepslate":32,"minecraft:diamond_ore":1,"minecraft:deepslate_diamond_ore":4,"minecraft:glow_lichen":2,"minecraft:moss_block":2,"minecraft:sandstone":7,"minecraft:hay_block":53,"minecraft:furnace":5,"minecraft:chiseled_sandstone":1,"minecraft:andesite":4,"minecraft:gold_block":1,"minecraft:bell":1,"minecraft:potatoes":6,"minecraft:deepslate_iron_ore":34,"minecraft:bamboo":26,"minecraft:stone":558,"minecraft:acacia_leaves":1,"minecraft:crafting_table":19,"minecraft:tall_grass":10,"minecraft:deepslate_coal_ore":7,"minecraft:deepslate_gold_ore":18,"minecraft:diorite":13,"minecraft:birch_planks":17,"minecraft:lime_bed":2,"minecraft:coal_ore":262,"minecraft:gravel":44,"minecraft:cobweb":114,"minecraft:gold_ore":16,"minecraft:fern":5},"minecraft:broken":{"minecraft:iron_shovel":1,"minecraft:iron_sword":1,"minecraft:stone_shovel":1,"minecraft:stone_sword":1,"minecraft:chainmail_helmet":1,"minecraft:iron_pickaxe":3},"minecraft:used":{"minecraft:moss_block":1,"minecraft:blue_terracotta":1,"minecraft:iron_shovel":253,"minecraft:chest":4,"minecraft:shield":45,"minecraft:stone":13,"minecraft:iron_sword":360,"minecraft:bell":1,"minecraft:tuff":1,"minecraft:axolotl_bucket":2,"minecraft:lava_bucket":13,"minecraft:grass_block":1,"minecraft:oak_sapling":8,"minecraft:furnace":9,"minecraft:egg":2,"minecraft:potato":10,"minecraft:diorite":6,"minecraft:stone_pickaxe":135,"minecraft:oak_planks":86,"minecraft:ender_pearl":5,"minecraft:wooden_pickaxe":34,"minecraft:sandstone":1,"minecraft:diamond_axe":299,"minecraft:white_wool":1,"minecraft:sand":12,"minecraft:blast_furnace":3,"minecraft:shears":55,"minecraft:bread":142,"minecraft:melon_slice":34,"minecraft:red_terracotta":1,"minecraft:gravel":1,"minecraft:wooden_sword":1,"minecraft:andesite":4,"minecraft:birch_log":2,"minecraft:oak_boat":30,"minecraft:netherite_sword":13,"minecraft:stone_sword":130,"minecraft:stone_shovel":177,"minecraft:oak_door":3,"minecraft:torch":117,"minecraft:dirt":132,"minecraft:granite":1,"minecraft:brown_terracotta":2,"minecraft:wooden_axe":24,"minecraft:iron_axe":5,"minecraft:cooked_beef":1,"minecraft:cobbled_deepslate":28,"minecraft:cooked_mutton":2,"minecraft:water_bucket":39,"minecraft:birch_planks":17,"minecraft:cobblestone_slab":4,"minecraft:fletching_table":9,"minecraft:green_bed":1,"minecraft:leather_boots":1,"minecraft:crafting_table":31,"minecraft:lime_bed":2,"minecraft:white_bed":7,"minecraft:apple":1,"minecraft:diamond_shovel":133,"minecraft:iron_pickaxe":1050,"minecraft:stone_axe":113,"minecraft:fishing_rod":5,"minecraft:cobblestone":439,"minecraft:bucket":55},"minecraft:killed":{"minecraft:cave_spider":8,"minecraft:spider":13,"minecraft:cod":7,"minecraft:skeleton":14,"minecraft:chicken":3,"minecraft:tropical_fish":10,"minecraft:salmon":19,"minecraft:iron_golem":1,"minecraft:creeper":5,"minecraft:sheep":8,"minecraft:zombie":60,"minecraft:drowned":3,"minecraft:enderman":7},"minecraft:dropped":{"minecraft:iron_sword":1,"minecraft:cooked_beef":16,"minecraft:oak_log":2,"minecraft:diamond":453,"minecraft:glow_berries":4,"minecraft:jungle_planks":4,"minecraft:rail":2,"minecraft:dirt":291,"minecraft:jungle_sapling":2,"minecraft:gold_nugget":2,"minecraft:wooden_sword":2,"minecraft:bone_meal":3,"minecraft:sand":34,"minecraft:oak_door":3,"minecraft:gravel":40,"minecraft:stone_axe":2,"minecraft:cobbled_deepslate":53,"minecraft:wheat":21,"minecraft:rotten_flesh":62,"minecraft:oak_planks":24,"minecraft:lime_bed":3,"minecraft:gunpowder":7,"minecraft:leather_boots":1,"minecraft:leather_leggings":3,"minecraft:arrow":29,"minecraft:podzol":1,"minecraft:iron_ingot":26,"minecraft:bread":205,"minecraft:wheat_seeds":25,"minecraft:oak_fence":1,"minecraft:feather":5,"minecraft:cobblestone":255,"minecraft:granite":8,"minecraft:copper_ingot":1,"minecraft:grass_block":1,"minecraft:stick":66,"minecraft:diorite":7,"minecraft:torch":26,"minecraft:wooden_axe":3,"minecraft:brown_terracotta":1,"minecraft:iron_leggings":2,"minecraft:flowering_azalea":1,"minecraft:paper":42,"minecraft:string":24,"minecraft:acacia_planks":1,"minecraft:redstone":162,"minecraft:furnace":4,"minecraft:moss_carpet":2,"minecraft:stone_sword":4,"minecraft:tuff":17,"minecraft:stone_shovel":1,"minecraft:composter":4,"minecraft:chicken":6,"minecraft:clay_ball":4,"minecraft:iron_boots":2,"minecraft:name_tag":1,"minecraft:filled_map":1,"minecraft:hay_block":38,"minecraft:orange_terracotta":2,"minecraft:iron_chestplate":1,"minecraft:andesite":2,"minecraft:oak_sapling":15,"minecraft:spider_eye":5,"minecraft:bamboo":128,"minecraft:sandstone":24,"minecraft:bow":1,"minecraft:stone_pickaxe":4,"minecraft:wooden_pickaxe":5,"minecraft:terracotta":11},"minecraft:custom":{"minecraft:interact_with_crafting_table":70,"minecraft:bell_ring":13,"minecraft:leave_game":6,"minecraft:time_since_death":326815,"minecraft:sprint_one_cm":1048052,"minecraft:damage_blocked_by_shield":1490,"minecraft:drop":280,"minecraft:talked_to_villager":38,"minecraft:play_time":406551,"minecraft:deaths":7,"minecraft:jump":7561,"minecraft:walk_on_water_one_cm":115002,"minecraft:interact_with_furnace":61,"minecraft:traded_with_villager":41,"minecraft:sleep_in_bed":12,"minecraft:damage_dealt":27862,"minecraft:player_kills":5,"minecraft:crouch_one_cm":12756,"minecraft:interact_with_smoker":3,"minecraft:mob_kills":161,"minecraft:climb_one_cm":5518,"minecraft:walk_one_cm":1071356,"minecraft:sneak_time":4721,"minecraft:walk_under_water_one_cm":85880,"minecraft:boat_one_cm":786163,"minecraft:interact_with_blast_furnace":7,"minecraft:total_world_time":406551,"minecraft:time_since_rest":1981,"minecraft:damage_taken":8949,"minecraft:swim_one_cm":144373,"minecraft:fly_one_cm":1211291,"minecraft:open_chest":55,"minecraft:fall_one_cm":230146},"minecraft:picked_up":{"minecraft:wooden_axe":2,"minecraft:iron_chestplate":1,"minecraft:wheat":38,"minecraft:chainmail_boots":1,"minecraft:string":83,"minecraft:iron_leggings":2,"minecraft:beetroot":1,"minecraft:cobbled_deepslate":129,"minecraft:iron_pickaxe":2,"minecraft:melon_slice":34,"minecraft:iron_boots":2,"minecraft:furnace":8,"minecraft:stick":222,"minecraft:composter":5,"minecraft:brown_terracotta":3,"minecraft:oak_fence":1,"minecraft:torch":84,"minecraft:acacia_log":9,"minecraft:green_bed":1,"minecraft:diorite":13,"minecraft:stone_sword":4,"minecraft:rotten_flesh":62,"minecraft:tropical_fish":16,"minecraft:cod":7,"minecraft:cobblestone":850,"minecraft:birch_log":14,"minecraft:feather":5,"minecraft:cooked_beef":72,"minecraft:water_bucket":1,"minecraft:andesite":6,"minecraft:potato":6,"minecraft:flint":3,"minecraft:tuff":34,"minecraft:dirt":487,"minecraft:leather_boots":1,"minecraft:bone":23,"minecraft:wheat_seeds":26,"minecraft:raw_gold":63,"minecraft:bell":1,"minecraft:fletching_table":10,"minecraft:bamboo":132,"minecraft:moss_block":1,"minecraft:oak_planks":142,"minecraft:cooked_porkchop":101,"minecraft:sand":46,"minecraft:jungle_planks":8,"minecraft:grass_block":2,"minecraft:red_terracotta":1,"minecraft:blue_terracotta":1,"minecraft:diamond":459,"minecraft:granite":9,"minecraft:bone_meal":4,"minecraft:chainmail_helmet":1,"minecraft:bread":178,"minecraft:oak_sapling":24,"minecraft:crafting_table":20,"minecraft:chicken":6,"minecraft:clay_ball":4,"minecraft:leather_leggings":2,"minecraft:wooden_pickaxe":4,"minecraft:gold_block":1,"minecraft:moss_carpet":2,"minecraft:wooden_sword":2,"minecraft:netherite_sword":1,"minecraft:beef":9,"minecraft:oak_boat":29,"minecraft:jungle_sapling":2,"minecraft:chest":4,"minecraft:egg":2,"minecraft:raw_iron":211,"minecraft:sandstone":26,"minecraft:copper_ingot":1,"minecraft:redstone":162,"minecraft:stone_pressure_plate":2,"minecraft:arrow":39,"minecraft:stone_shovel":1,"minecraft:beetroot_seeds":4,"minecraft:hay_block":167,"minecraft:mutton":17,"minecraft:white_wool":7,"minecraft:rail":2,"minecraft:lime_bed":5,"minecraft:salmon":15,"minecraft:leather":4,"minecraft:birch_planks":17,"minecraft:filled_map":1,"minecraft:oak_log":194,"minecraft:chainmail_chestplate":1,"minecraft:gunpowder":7,"minecraft:paper":28,"minecraft:white_banner":1,"minecraft:orange_terracotta":2,"minecraft:podzol":1,"minecraft:apple":2,"minecraft:iron_ingot":89,"minecraft:stone_pickaxe":3,"minecraft:flowering_azalea":1,"minecraft:gravel":41,"minecraft:blast_furnace":2,"minecraft:white_bed":5,"minecraft:spider_eye":5,"minecraft:diamond_shovel":1,"minecraft:stone_axe":1,"minecraft:chainmail_leggings":1,"minecraft:terracotta":11,"minecraft:coal":506,"minecraft:ender_pearl":7}},"DataVersion":2975}