{"stats":{"minecraft:killed":{"minecraft:cave_spider":8,"minecraft:spider":8,"minecraft:skeleton":6,"minecraft:chicken":3,"minecraft:drowned":3,"minecraft:iron_golem":1,"minecraft:creeper":3,"minecraft:sheep":3,"minecraft:zombie":37,"minecraft:enderman":3},"minecraft:mined":{"minecraft:diamond_ore":1,"minecraft:stone_pressure_plate":2,"minecraft:deepslate_diamond_ore":4,"minecraft:glow_lichen":2,"minecraft:granite":2,"minecraft:acacia_log":9,"minecraft:grass_block":18,"minecraft:moss_block":2,"minecraft:sandstone":7,"minecraft:spawner":4,"minecraft:hay_block":53,"minecraft:furnace":5,"minecraft:iron_ore":99,"minecraft:fire":1,"minecraft:chiseled_sandstone":1,"minecraft:andesite":4,"minecraft:fletching_table":1,"minecraft:deepslate_iron_ore":23,"minecraft:azalea":1,"minecraft:stone":232,"minecraft:green_bed":1,"minecraft:acacia_leaves":1,"minecraft:torch":6,"minecraft:clay":1,"minecraft:crafting_table":15,"minecraft:melon":7,"minecraft:dead_bush":91,"minecraft:cobblestone":9,"minecraft:deepslate_coal_ore":7,"minecraft:deepslate_gold_ore":15,"minecraft:oak_planks":2,"minecraft:wall_torch":7,"minecraft:lime_bed":1,"minecraft:blue_terracotta":1,"minecraft:wheat":2,"minecraft:grass":11,"minecraft:coal_ore":228,"minecraft:oak_log":41,"minecraft:gravel":44,"minecraft:sand":35,"minecraft:dirt":37,"minecraft:cobweb":114,"minecraft:gold_ore":4,"minecraft:oak_leaves":23,"minecraft:deepslate":31},"minecraft:crafted":{"minecraft:wooden_sword":1,"minecraft:oak_door":6,"minecraft:oak_planks":168,"minecraft:leather_boots":1,"minecraft:furnace":5,"minecraft:cooked_mutton":2,"minecraft:flint_and_steel":1,"minecraft:bow":1,"minecraft:iron_boots":1,"minecraft:iron_axe":1,"minecraft:stone_pickaxe":2,"minecraft:wheat":789,"minecraft:cooked_beef":9,"minecraft:diamond_axe":1,"minecraft:crafting_table":6,"minecraft:wooden_pickaxe":2,"minecraft:iron_helmet":1,"minecraft:iron_sword":2,"minecraft:bucket":2,"minecraft:stone_axe":2,"minecraft:bread":283,"minecraft:air":0,"minecraft:oak_boat":2,"minecraft:iron_chestplate":1,"minecraft:shield":2,"minecraft:stick":28,"minecraft:iron_ingot":81,"minecraft:iron_pickaxe":2,"minecraft:wooden_axe":2,"minecraft:stone_sword":1,"minecraft:iron_leggings":1,"minecraft:gold_ingot":18,"minecraft:white_bed":1,"minecraft:acacia_planks":36,"minecraft:torch":112,"minecraft:shears":1},"minecraft:used":{"minecraft:moss_block":1,"minecraft:blue_terracotta":1,"minecraft:netherite_sword":13,"minecraft:stone_sword":130,"minecraft:shield":22,"minecraft:iron_sword":134,"minecraft:oak_door":3,"minecraft:torch":79,"minecraft:tuff":1,"minecraft:granite":1,"minecraft:wooden_axe":24,"minecraft:brown_terracotta":2,"minecraft:lava_bucket":13,"minecraft:iron_axe":5,"minecraft:furnace":7,"minecraft:oak_sapling":2,"minecraft:egg":2,"minecraft:cooked_beef":1,"minecraft:cobbled_deepslate":28,"minecraft:cooked_mutton":2,"minecraft:water_bucket":9,"minecraft:stone_pickaxe":135,"minecraft:oak_planks":73,"minecraft:ender_pearl":1,"minecraft:wooden_pickaxe":34,"minecraft:sandstone":1,"minecraft:green_bed":1,"minecraft:leather_boots":1,"minecraft:diamond_axe":39,"minecraft:white_wool":1,"minecraft:sand":1,"minecraft:crafting_table":21,"minecraft:white_bed":1,"minecraft:shears":55,"minecraft:apple":1,"minecraft:diamond_shovel":133,"minecraft:melon_slice":34,"minecraft:bread":71,"minecraft:iron_pickaxe":519,"minecraft:red_terracotta":1,"minecraft:gravel":1,"minecraft:stone_axe":113,"minecraft:wooden_sword":1,"minecraft:cobblestone":146,"minecraft:bucket":23,"minecraft:andesite":4,"minecraft:oak_boat":19},"minecraft:dropped":{"minecraft:iron_sword":1,"minecraft:wheat_seeds":6,"minecraft:cooked_beef":16,"minecraft:oak_log":1,"minecraft:diamond":453,"minecraft:feather":5,"minecraft:oak_fence":1,"minecraft:glow_berries":4,"minecraft:cobblestone":179,"minecraft:granite":4,"minecraft:jungle_planks":4,"minecraft:copper_ingot":1,"minecraft:grass_block":1,"minecraft:rail":2,"minecraft:stick":36,"minecraft:dirt":51,"minecraft:torch":25,"minecraft:wooden_axe":3,"minecraft:iron_leggings":2,"minecraft:brown_terracotta":1,"minecraft:jungle_sapling":2,"minecraft:wooden_sword":2,"minecraft:gold_nugget":2,"minecraft:sand":34,"minecraft:paper":42,"minecraft:acacia_planks":1,"minecraft:redstone":162,"minecraft:oak_door":3,"minecraft:gravel":40,"minecraft:furnace":4,"minecraft:stone_axe":2,"minecraft:stone_sword":4,"minecraft:cobbled_deepslate":53,"minecraft:tuff":17,"minecraft:wheat":20,"minecraft:chicken":6,"minecraft:rotten_flesh":52,"minecraft:clay_ball":4,"minecraft:oak_planks":24,"minecraft:iron_boots":2,"minecraft:lime_bed":3,"minecraft:hay_block":38,"minecraft:gunpowder":6,"minecraft:orange_terracotta":2,"minecraft:iron_chestplate":1,"minecraft:andesite":2,"minecraft:leather_boots":1,"minecraft:oak_sapling":8,"minecraft:leather_leggings":3,"minecraft:spider_eye":5,"minecraft:sandstone":24,"minecraft:arrow":2,"minecraft:stone_pickaxe":4,"minecraft:podzol":1,"minecraft:wooden_pickaxe":5,"minecraft:terracotta":11},"minecraft:picked_up":{"minecraft:wooden_axe":2,"minecraft:wheat":37,"minecraft:crafting_table":16,"minecraft:iron_chestplate":1,"minecraft:chainmail_boots":1,"minecraft:chicken":6,"minecraft:clay_ball":4,"minecraft:leather_leggings":2,"minecraft:wooden_pickaxe":4,"minecraft:string":78,"minecraft:wooden_sword":2,"minecraft:iron_leggings":2,"minecraft:cobbled_deepslate":129,"minecraft:netherite_sword":1,"minecraft:beef":9,"minecraft:oak_boat":17,"minecraft:jungle_sapling":2,"minecraft:iron_pickaxe":2,"minecraft:melon_slice":34,"minecraft:chest":1,"minecraft:furnace":8,"minecraft:iron_boots":2,"minecraft:egg":2,"minecraft:stick":215,"minecraft:raw_iron":159,"minecraft:sandstone":26,"minecraft:copper_ingot":1,"minecraft:brown_terracotta":3,"minecraft:oak_fence":1,"minecraft:green_bed":1,"minecraft:torch":63,"minecraft:acacia_log":9,"minecraft:redstone":162,"minecraft:stone_pressure_plate":2,"minecraft:stone_sword":4,"minecraft:arrow":19,"minecraft:rotten_flesh":52,"minecraft:hay_block":167,"minecraft:mutton":7,"minecraft:cobblestone":430,"minecraft:rail":2,"minecraft:white_wool":4,"minecraft:lime_bed":4,"minecraft:feather":5,"minecraft:cooked_beef":72,"minecraft:water_bucket":1,"minecraft:andesite":6,"minecraft:leather":4,"minecraft:flint":3,"minecraft:tuff":34,"minecraft:oak_log":43,"minecraft:chainmail_chestplate":1,"minecraft:gunpowder":6,"minecraft:dirt":51,"minecraft:paper":28,"minecraft:orange_terracotta":2,"minecraft:leather_boots":1,"minecraft:podzol":1,"minecraft:bone":17,"minecraft:apple":1,"minecraft:wheat_seeds":6,"minecraft:raw_gold":48,"minecraft:iron_ingot":44,"minecraft:stone_pickaxe":3,"minecraft:fletching_table":1,"minecraft:moss_block":1,"minecraft:oak_planks":126,"minecraft:cooked_porkchop":101,"minecraft:gravel":41,"minecraft:jungle_planks":8,"minecraft:sand":35,"minecraft:grass_block":1,"minecraft:red_terracotta":1,"minecraft:spider_eye":5,"minecraft:diamond_shovel":1,"minecraft:blue_terracotta":1,"minecraft:diamond":459,"minecraft:stone_axe":1,"minecraft:chainmail_leggings":1,"minecraft:granite":5,"minecraft:bread":86,"minecraft:chainmail_helmet":1,"minecraft:terracotta":11,"minecraft:oak_sapling":10,"minecraft:coal":446,"minecraft:ender_pearl":4},"minecraft:killed_by":{"minecraft:player":6},"minecraft:custom":{"minecraft:mob_kills":78,"minecraft:interact_with_crafting_table":48,"minecraft:leave_game":5,"minecraft:time_since_death":146533,"minecraft:climb_one_cm":2343,"minecraft:sprint_one_cm":559969,"minecraft:walk_one_cm":642414,"minecraft:damage_blocked_by_shield":610,"minecraft:drop":145,"minecraft:play_time":226269,"minecraft:deaths":7,"minecraft:sneak_time":2856,"minecraft:walk_under_water_one_cm":30942,"minecraft:boat_one_cm":293949,"minecraft:jump":4015,"minecraft:walk_on_water_one_cm":49836,"minecraft:total_world_time":226269,"minecraft:interact_with_furnace":46,"minecraft:sleep_in_bed":1,"minecraft:time_since_rest":88969,"minecraft:damage_taken":5993,"minecraft:damage_dealt":17411,"minecraft:player_kills":5,"minecraft:swim_one_cm":66098,"minecraft:fly_one_cm":643671,"minecraft:open_chest":18,"minecraft:crouch_one_cm":7426,"minecraft:interact_with_smoker":1,"minecraft:fall_one_cm":126317},"minecraft:broken":{"minecraft:stone_sword":1,"minecraft:iron_pickaxe":1}},"DataVersion":2975}