{"stats":{"minecraft:killed_by":{"minecraft:player":6},"minecraft:crafted":{"minecraft:wooden_sword":1,"minecraft:oak_door":6,"minecraft:oak_planks":528,"minecraft:fishing_rod":1,"minecraft:leather_boots":1,"minecraft:furnace":5,"minecraft:cooked_mutton":12,"minecraft:flint_and_steel":1,"minecraft:bow":1,"minecraft:iron_boots":1,"minecraft:iron_axe":1,"minecraft:stone_pickaxe":2,"minecraft:chest":1,"minecraft:wheat":789,"minecraft:cooked_beef":9,"minecraft:arrow":16,"minecraft:emerald":19,"minecraft:diamond_axe":1,"minecraft:crafting_table":10,"minecraft:wooden_pickaxe":2,"minecraft:iron_helmet":1,"minecraft:iron_sword":2,"minecraft:bucket":3,"minecraft:stone_axe":2,"minecraft:bread":283,"minecraft:air":0,"minecraft:oak_boat":2,"minecraft:iron_chestplate":1,"minecraft:shield":3,"minecraft:stick":748,"minecraft:iron_ingot":88,"minecraft:iron_pickaxe":3,"minecraft:iron_shovel":1,"minecraft:wooden_axe":2,"minecraft:stone_sword":1,"minecraft:iron_leggings":1,"minecraft:gold_ingot":27,"minecraft:white_bed":2,"minecraft:acacia_planks":36,"minecraft:torch":112,"minecraft:shears":1},"minecraft:mined":{"minecraft:diamond_ore":1,"minecraft:stone_pressure_plate":2,"minecraft:deepslate_diamond_ore":4,"minecraft:glow_lichen":2,"minecraft:granite":6,"minecraft:acacia_log":9,"minecraft:grass_block":134,"minecraft:composter":2,"minecraft:moss_block":2,"minecraft:sandstone":7,"minecraft:spawner":4,"minecraft:hay_block":53,"minecraft:furnace":5,"minecraft:iron_ore":135,"minecraft:fire":5,"minecraft:chiseled_sandstone":1,"minecraft:andesite":4,"minecraft:fletching_table":5,"minecraft:gold_block":1,"minecraft:dirt_path":1,"minecraft:potatoes":1,"minecraft:deepslate_iron_ore":34,"minecraft:bamboo":26,"minecraft:azalea":1,"minecraft:white_banner":1,"minecraft:stone":465,"minecraft:green_bed":1,"minecraft:acacia_leaves":1,"minecraft:torch":6,"minecraft:clay":1,"minecraft:crafting_table":15,"minecraft:blast_furnace":1,"minecraft:melon":7,"minecraft:dead_bush":91,"minecraft:cobblestone":18,"minecraft:tall_grass":6,"minecraft:deepslate_coal_ore":7,"minecraft:deepslate_gold_ore":18,"minecraft:oak_planks":12,"minecraft:diorite":13,"minecraft:wall_torch":7,"minecraft:seagrass":3,"minecraft:lime_bed":2,"minecraft:blue_terracotta":1,"minecraft:wheat":7,"minecraft:grass":31,"minecraft:coal_ore":262,"minecraft:oak_log":125,"minecraft:gravel":44,"minecraft:sand":47,"minecraft:dirt":75,"minecraft:cobweb":114,"minecraft:gold_ore":16,"minecraft:oak_leaves":50,"minecraft:deepslate":32,"minecraft:fern":5,"minecraft:white_bed":3},"minecraft:broken":{"minecraft:stone_sword":1,"minecraft:iron_pickaxe":2},"minecraft:used":{"minecraft:moss_block":1,"minecraft:blue_terracotta":1,"minecraft:netherite_sword":13,"minecraft:stone_sword":130,"minecraft:iron_shovel":167,"minecraft:chest":1,"minecraft:shield":42,"minecraft:iron_sword":345,"minecraft:oak_door":3,"minecraft:torch":100,"minecraft:dirt":1,"minecraft:tuff":1,"minecraft:axolotl_bucket":1,"minecraft:granite":1,"minecraft:wooden_axe":24,"minecraft:brown_terracotta":2,"minecraft:lava_bucket":13,"minecraft:grass_block":1,"minecraft:iron_axe":5,"minecraft:furnace":8,"minecraft:oak_sapling":3,"minecraft:egg":2,"minecraft:potato":5,"minecraft:cooked_beef":1,"minecraft:cobbled_deepslate":28,"minecraft:diorite":6,"minecraft:cooked_mutton":2,"minecraft:water_bucket":25,"minecraft:stone_pickaxe":135,"minecraft:oak_planks":82,"minecraft:ender_pearl":5,"minecraft:wooden_pickaxe":34,"minecraft:sandstone":1,"minecraft:fletching_table":4,"minecraft:green_bed":1,"minecraft:leather_boots":1,"minecraft:diamond_axe":166,"minecraft:white_wool":1,"minecraft:sand":12,"minecraft:lime_bed":2,"minecraft:crafting_table":26,"minecraft:blast_furnace":1,"minecraft:white_bed":5,"minecraft:shears":55,"minecraft:apple":1,"minecraft:diamond_shovel":133,"minecraft:melon_slice":34,"minecraft:bread":132,"minecraft:iron_pickaxe":887,"minecraft:red_terracotta":1,"minecraft:gravel":1,"minecraft:stone_axe":113,"minecraft:fishing_rod":5,"minecraft:wooden_sword":1,"minecraft:cobblestone":285,"minecraft:bucket":41,"minecraft:andesite":4,"minecraft:oak_boat":29},"minecraft:killed":{"minecraft:cave_spider":8,"minecraft:spider":11,"minecraft:cod":7,"minecraft:skeleton":13,"minecraft:chicken":3,"minecraft:drowned":3,"minecraft:tropical_fish":10,"minecraft:salmon":19,"minecraft:iron_golem":1,"minecraft:creeper":4,"minecraft:sheep":8,"minecraft:zombie":57,"minecraft:enderman":7},"minecraft:dropped":{"minecraft:iron_ingot":26,"minecraft:bread":131,"minecraft:iron_sword":1,"minecraft:wheat_seeds":22,"minecraft:cooked_beef":16,"minecraft:oak_log":2,"minecraft:diamond":453,"minecraft:feather":5,"minecraft:oak_fence":1,"minecraft:glow_berries":4,"minecraft:cobblestone":255,"minecraft:granite":8,"minecraft:jungle_planks":4,"minecraft:copper_ingot":1,"minecraft:grass_block":1,"minecraft:rail":2,"minecraft:stick":66,"minecraft:dirt":225,"minecraft:diorite":7,"minecraft:torch":26,"minecraft:wooden_axe":3,"minecraft:iron_leggings":2,"minecraft:brown_terracotta":1,"minecraft:jungle_sapling":2,"minecraft:bone_meal":3,"minecraft:wooden_sword":2,"minecraft:gold_nugget":2,"minecraft:flowering_azalea":1,"minecraft:sand":34,"minecraft:paper":42,"minecraft:string":24,"minecraft:acacia_planks":1,"minecraft:redstone":162,"minecraft:oak_door":3,"minecraft:gravel":40,"minecraft:moss_carpet":2,"minecraft:furnace":4,"minecraft:stone_axe":2,"minecraft:stone_sword":4,"minecraft:cobbled_deepslate":53,"minecraft:composter":4,"minecraft:tuff":17,"minecraft:wheat":21,"minecraft:chicken":6,"minecraft:rotten_flesh":57,"minecraft:clay_ball":4,"minecraft:oak_planks":24,"minecraft:iron_boots":2,"minecraft:name_tag":1,"minecraft:filled_map":1,"minecraft:lime_bed":3,"minecraft:hay_block":38,"minecraft:gunpowder":7,"minecraft:orange_terracotta":2,"minecraft:iron_chestplate":1,"minecraft:andesite":2,"minecraft:bow":1,"minecraft:leather_boots":1,"minecraft:oak_sapling":14,"minecraft:bamboo":128,"minecraft:leather_leggings":3,"minecraft:spider_eye":5,"minecraft:sandstone":24,"minecraft:arrow":29,"minecraft:stone_pickaxe":4,"minecraft:podzol":1,"minecraft:wooden_pickaxe":5,"minecraft:terracotta":11},"minecraft:custom":{"minecraft:mob_kills":154,"minecraft:interact_with_crafting_table":57,"minecraft:bell_ring":3,"minecraft:leave_game":6,"minecraft:time_since_death":278815,"minecraft:climb_one_cm":5518,"minecraft:sprint_one_cm":976980,"minecraft:walk_one_cm":910144,"minecraft:damage_blocked_by_shield":1390,"minecraft:drop":197,"minecraft:talked_to_villager":11,"minecraft:play_time":358551,"minecraft:deaths":7,"minecraft:sneak_time":4575,"minecraft:walk_under_water_one_cm":82119,"minecraft:boat_one_cm":781860,"minecraft:jump":6912,"minecraft:interact_with_blast_furnace":4,"minecraft:walk_on_water_one_cm":107477,"minecraft:total_world_time":358551,"minecraft:interact_with_furnace":54,"minecraft:traded_with_villager":20,"minecraft:sleep_in_bed":9,"minecraft:time_since_rest":2963,"minecraft:damage_taken":8523,"minecraft:damage_dealt":26532,"minecraft:fly_one_cm":1147753,"minecraft:swim_one_cm":143699,"minecraft:player_kills":5,"minecraft:open_chest":30,"minecraft:crouch_one_cm":12625,"minecraft:interact_with_smoker":3,"minecraft:fall_one_cm":214385},"minecraft:picked_up":{"minecraft:wooden_axe":2,"minecraft:wheat":38,"minecraft:crafting_table":16,"minecraft:iron_chestplate":1,"minecraft:chainmail_boots":1,"minecraft:chicken":6,"minecraft:clay_ball":4,"minecraft:leather_leggings":2,"minecraft:wooden_pickaxe":4,"minecraft:gold_block":1,"minecraft:moss_carpet":2,"minecraft:string":82,"minecraft:wooden_sword":2,"minecraft:iron_leggings":2,"minecraft:cobbled_deepslate":129,"minecraft:netherite_sword":1,"minecraft:beef":9,"minecraft:oak_boat":28,"minecraft:jungle_sapling":2,"minecraft:iron_pickaxe":2,"minecraft:melon_slice":34,"minecraft:chest":1,"minecraft:furnace":8,"minecraft:iron_boots":2,"minecraft:egg":2,"minecraft:stick":220,"minecraft:raw_iron":211,"minecraft:sandstone":26,"minecraft:composter":4,"minecraft:copper_ingot":1,"minecraft:brown_terracotta":3,"minecraft:oak_fence":1,"minecraft:green_bed":1,"minecraft:torch":65,"minecraft:acacia_log":9,"minecraft:diorite":13,"minecraft:redstone":162,"minecraft:stone_pressure_plate":2,"minecraft:stone_sword":4,"minecraft:arrow":38,"minecraft:rotten_flesh":57,"minecraft:tropical_fish":16,"minecraft:hay_block":167,"minecraft:cod":7,"minecraft:mutton":17,"minecraft:rail":2,"minecraft:white_wool":7,"minecraft:cobblestone":690,"minecraft:lime_bed":5,"minecraft:feather":5,"minecraft:cooked_beef":72,"minecraft:salmon":15,"minecraft:water_bucket":1,"minecraft:andesite":6,"minecraft:leather":4,"minecraft:potato":1,"minecraft:filled_map":1,"minecraft:flint":3,"minecraft:tuff":34,"minecraft:oak_log":134,"minecraft:chainmail_chestplate":1,"minecraft:gunpowder":7,"minecraft:dirt":230,"minecraft:paper":28,"minecraft:white_banner":1,"minecraft:orange_terracotta":2,"minecraft:leather_boots":1,"minecraft:podzol":1,"minecraft:bone":22,"minecraft:apple":1,"minecraft:wheat_seeds":23,"minecraft:raw_gold":63,"minecraft:iron_ingot":44,"minecraft:stone_pickaxe":3,"minecraft:fletching_table":5,"minecraft:bamboo":132,"minecraft:moss_block":1,"minecraft:flowering_azalea":1,"minecraft:oak_planks":138,"minecraft:cooked_porkchop":101,"minecraft:gravel":41,"minecraft:jungle_planks":8,"minecraft:sand":46,"minecraft:blast_furnace":1,"minecraft:white_bed":3,"minecraft:grass_block":2,"minecraft:red_terracotta":1,"minecraft:spider_eye":5,"minecraft:diamond_shovel":1,"minecraft:blue_terracotta":1,"minecraft:diamond":459,"minecraft:stone_axe":1,"minecraft:chainmail_leggings":1,"minecraft:granite":9,"minecraft:bone_meal":4,"minecraft:bread":153,"minecraft:chainmail_helmet":1,"minecraft:terracotta":11,"minecraft:oak_sapling":17,"minecraft:coal":480,"minecraft:ender_pearl":7}},"DataVersion":2975}