{"stats":{"minecraft:killed":{"minecraft:spider":2,"minecraft:skeleton":11,"minecraft:creeper":1,"minecraft:zombie":39,"minecraft:enderman":2,"minecraft:cow":4},"minecraft:mined":{"minecraft:tuff":14,"minecraft:oak_sapling":3,"minecraft:deepslate_diamond_ore":5,"minecraft:jungle_leaves":82,"minecraft:grass_block":1,"minecraft:jungle_planks":8,"minecraft:jungle_log":119,"minecraft:furnace":2,"minecraft:jungle_sapling":1,"minecraft:iron_ore":28,"minecraft:cobbled_deepslate":32,"minecraft:andesite":4,"minecraft:deepslate_lapis_ore":2,"minecraft:vine":4,"minecraft:deepslate_iron_ore":33,"minecraft:stone":88,"minecraft:deepslate_redstone_ore":22,"minecraft:orange_terracotta":2,"minecraft:crafting_table":9,"minecraft:torch":6,"minecraft:melon":6,"minecraft:dead_bush":90,"minecraft:cobblestone":3,"minecraft:tall_grass":2,"minecraft:deepslate_gold_ore":21,"minecraft:diorite":7,"minecraft:wall_torch":1,"minecraft:red_terracotta":1,"minecraft:wheat":70,"minecraft:grass":48,"minecraft:coal_ore":75,"minecraft:oak_log":13,"minecraft:gravel":1,"minecraft:sand":3,"minecraft:dirt":9,"minecraft:brown_terracotta":5,"minecraft:terracotta":16,"minecraft:gold_ore":6,"minecraft:oak_leaves":67,"minecraft:deepslate":123,"minecraft:fern":3},"minecraft:used":{"minecraft:stone_sword":53,"minecraft:shield":34,"minecraft:rotten_flesh":1,"minecraft:torch":37,"minecraft:dirt":7,"minecraft:anvil":1,"minecraft:jungle_planks":259,"minecraft:jungle_sapling":1,"minecraft:wooden_axe":46,"minecraft:iron_axe":89,"minecraft:jungle_log":41,"minecraft:bow":2,"minecraft:oak_sapling":4,"minecraft:furnace":3,"minecraft:cobbled_deepslate":98,"minecraft:stone_pickaxe":206,"minecraft:ender_pearl":1,"minecraft:wooden_pickaxe":79,"minecraft:sand":3,"minecraft:crafting_table":9,"minecraft:diamond_pickaxe":47,"minecraft:apple":5,"minecraft:melon_slice":26,"minecraft:bread":14,"minecraft:iron_pickaxe":174,"minecraft:stone_axe":125,"minecraft:wooden_sword":48,"minecraft:cobblestone":37,"minecraft:cooked_porkchop":27},"minecraft:crafted":{"minecraft:oak_planks":76,"minecraft:furnace":2,"minecraft:diamond":36,"minecraft:iron_boots":1,"minecraft:iron_axe":1,"minecraft:stone_pickaxe":2,"minecraft:crafting_table":2,"minecraft:wooden_pickaxe":2,"minecraft:iron_helmet":1,"minecraft:stone_axe":1,"minecraft:bread":24,"minecraft:air":0,"minecraft:jungle_planks":316,"minecraft:iron_chestplate":1,"minecraft:diamond_pickaxe":1,"minecraft:shield":1,"minecraft:stick":12,"minecraft:iron_ingot":25,"minecraft:iron_pickaxe":1,"minecraft:wooden_axe":1,"minecraft:stone_sword":1,"minecraft:iron_leggings":1,"minecraft:torch":28},"minecraft:dropped":{"minecraft:bread":64,"minecraft:leather":4,"minecraft:granite":1,"minecraft:coal":2,"minecraft:melon_slice":3,"minecraft:iron_pickaxe":1,"minecraft:anvil":1,"minecraft:netherite_sword":1,"minecraft:rotten_flesh":23,"minecraft:name_tag":1},"minecraft:picked_up":{"minecraft:wooden_axe":4,"minecraft:cocoa_beans":3,"minecraft:iron_chestplate":3,"minecraft:crafting_table":10,"minecraft:wheat":76,"minecraft:wooden_pickaxe":7,"minecraft:shield":3,"minecraft:string":4,"minecraft:iron_axe":2,"minecraft:wooden_sword":6,"minecraft:iron_leggings":2,"minecraft:cobbled_deepslate":257,"minecraft:netherite_sword":2,"minecraft:beef":9,"minecraft:jungle_sapling":11,"minecraft:iron_pickaxe":3,"minecraft:enchanted_golden_apple":64,"minecraft:melon_slice":48,"minecraft:egg":1,"minecraft:iron_boots":3,"minecraft:furnace":7,"minecraft:stick":141,"minecraft:raw_iron":126,"minecraft:brown_terracotta":2,"minecraft:oak_fence":1,"minecraft:torch":9,"minecraft:diorite":30,"minecraft:redstone":294,"minecraft:stone_sword":3,"minecraft:arrow":16,"minecraft:rotten_flesh":61,"minecraft:totem_of_undying":1,"minecraft:cobblestone":170,"minecraft:cooked_beef":64,"minecraft:andesite":14,"minecraft:jungle_log":132,"minecraft:leather":4,"minecraft:potato":3,"minecraft:tuff":48,"minecraft:oak_log":19,"minecraft:gunpowder":12,"minecraft:lapis_lazuli":14,"minecraft:dirt":12,"minecraft:orange_terracotta":6,"minecraft:leather_boots":2,"minecraft:bone":40,"minecraft:acacia_planks":1,"minecraft:apple":192,"minecraft:bow":3,"minecraft:wheat_seeds":404,"minecraft:raw_gold":45,"minecraft:iron_ingot":27,"minecraft:stone_pickaxe":2,"minecraft:oak_planks":47,"minecraft:iron_sword":2,"minecraft:cooked_porkchop":147,"minecraft:jungle_planks":36,"minecraft:gravel":1,"minecraft:sand":3,"minecraft:diamond_block":4,"minecraft:red_terracotta":1,"minecraft:diamond":72,"minecraft:deepslate":3,"minecraft:stone_axe":1,"minecraft:iron_helmet":3,"minecraft:granite":13,"minecraft:golden_apple":62,"minecraft:terracotta":39,"minecraft:oak_sapling":40,"minecraft:coal":106,"minecraft:ender_pearl":2,"minecraft:diamond_pickaxe":2},"minecraft:killed_by":{"minecraft:player":5,"minecraft:skeleton":1,"minecraft:zombie":2},"minecraft:custom":{"minecraft:mob_kills":60,"minecraft:interact_with_anvil":1,"minecraft:interact_with_crafting_table":24,"minecraft:leave_game":6,"minecraft:time_since_death":54383,"minecraft:climb_one_cm":10065,"minecraft:sprint_one_cm":373796,"minecraft:walk_one_cm":386894,"minecraft:damage_blocked_by_shield":970,"minecraft:drop":23,"minecraft:damage_dealt_absorbed":61,"minecraft:play_time":163253,"minecraft:deaths":13,"minecraft:sneak_time":19154,"minecraft:walk_under_water_one_cm":6610,"minecraft:jump":1920,"minecraft:walk_on_water_one_cm":19888,"minecraft:total_world_time":163253,"minecraft:interact_with_furnace":11,"minecraft:time_since_rest":54403,"minecraft:damage_taken":7044,"minecraft:damage_dealt":12805,"minecraft:swim_one_cm":22680,"minecraft:player_kills":4,"minecraft:fly_one_cm":389786,"minecraft:open_chest":3,"minecraft:crouch_one_cm":54639,"minecraft:fall_one_cm":68462},"minecraft:broken":{"minecraft:stone_pickaxe":1,"minecraft:wooden_axe":1}},"DataVersion":2975}