{"stats":{"minecraft:killed_by":{"minecraft:player":5,"minecraft:skeleton":1,"minecraft:zombie":3},"minecraft:crafted":{"minecraft:oak_door":3,"minecraft:oak_planks":236,"minecraft:stone_shovel":1,"minecraft:furnace":4,"minecraft:diamond":36,"minecraft:iron_boots":2,"minecraft:iron_axe":1,"minecraft:iron_hoe":1,"minecraft:stone_pickaxe":4,"minecraft:chest":3,"minecraft:crafting_table":4,"minecraft:wooden_pickaxe":2,"minecraft:iron_helmet":2,"minecraft:stone_axe":5,"minecraft:bread":24,"minecraft:air":0,"minecraft:jungle_planks":328,"minecraft:iron_chestplate":2,"minecraft:diamond_pickaxe":2,"minecraft:shield":1,"minecraft:stick":288,"minecraft:iron_ingot":56,"minecraft:iron_pickaxe":2,"minecraft:wooden_axe":2,"minecraft:stone_sword":1,"minecraft:iron_leggings":2,"minecraft:white_bed":3,"minecraft:torch":48,"minecraft:shears":1},"minecraft:mined":{"minecraft:diamond_ore":2,"minecraft:tuff":14,"minecraft:white_bed":3,"minecraft:oak_sapling":3,"minecraft:deepslate_diamond_ore":6,"minecraft:oak_door":3,"minecraft:jungle_leaves":92,"minecraft:granite":13,"minecraft:grass_block":98,"minecraft:jungle_planks":22,"minecraft:brown_wool":2,"minecraft:jungle_log":175,"minecraft:redstone_ore":5,"minecraft:furnace":3,"minecraft:jungle_sapling":1,"minecraft:iron_ore":41,"minecraft:cobbled_deepslate":32,"minecraft:andesite":7,"minecraft:deepslate_lapis_ore":5,"minecraft:deepslate_iron_ore":51,"minecraft:vine":6,"minecraft:stripped_oak_log":1,"minecraft:stripped_jungle_log":1,"minecraft:stone":210,"minecraft:deepslate_redstone_ore":23,"minecraft:orange_terracotta":2,"minecraft:smooth_sandstone":4,"minecraft:crafting_table":13,"minecraft:cornflower":1,"minecraft:torch":9,"minecraft:melon":6,"minecraft:chest":1,"minecraft:dead_bush":91,"minecraft:deepslate_coal_ore":11,"minecraft:cobblestone":11,"minecraft:tall_grass":47,"minecraft:lapis_ore":3,"minecraft:deepslate_gold_ore":30,"minecraft:sugar_cane":2,"minecraft:diorite":11,"minecraft:wall_torch":3,"minecraft:red_terracotta":1,"minecraft:wheat":70,"minecraft:grass":99,"minecraft:coal_ore":89,"minecraft:oak_log":185,"minecraft:gravel":1,"minecraft:sand":5,"minecraft:dirt":35,"minecraft:brown_terracotta":5,"minecraft:terracotta":16,"minecraft:gold_ore":10,"minecraft:oak_leaves":206,"minecraft:deepslate":136,"minecraft:fern":3},"minecraft:broken":{"minecraft:wooden_pickaxe":1,"minecraft:stone_pickaxe":2,"minecraft:wooden_sword":1,"minecraft:stone_axe":4,"minecraft:wooden_axe":2},"minecraft:used":{"minecraft:writable_book":1,"minecraft:stone_sword":53,"minecraft:stone_shovel":108,"minecraft:chest":4,"minecraft:shield":34,"minecraft:rotten_flesh":5,"minecraft:oak_door":4,"minecraft:torch":61,"minecraft:dirt":142,"minecraft:anvil":1,"minecraft:jungle_planks":287,"minecraft:carrot":5,"minecraft:iron_hoe":36,"minecraft:jungle_sapling":1,"minecraft:wooden_axe":114,"minecraft:iron_axe":89,"minecraft:jungle_log":106,"minecraft:bow":2,"minecraft:oak_sapling":27,"minecraft:furnace":6,"minecraft:egg":1,"minecraft:cooked_beef":11,"minecraft:potato":4,"minecraft:cobbled_deepslate":100,"minecraft:stone_pickaxe":411,"minecraft:oak_planks":2,"minecraft:ender_pearl":1,"minecraft:wooden_pickaxe":86,"minecraft:sand":3,"minecraft:crafting_table":15,"minecraft:crossbow":10,"minecraft:white_bed":5,"minecraft:shears":77,"minecraft:diamond_pickaxe":49,"minecraft:apple":7,"minecraft:brown_wool":2,"minecraft:bread":42,"minecraft:melon_slice":26,"minecraft:iron_pickaxe":232,"minecraft:stone_axe":466,"minecraft:wooden_sword":63,"minecraft:cobblestone":62,"minecraft:cooked_porkchop":27},"minecraft:killed":{"minecraft:spider":10,"minecraft:slime":1,"minecraft:phantom":1,"minecraft:skeleton":18,"minecraft:zombie_villager":1,"minecraft:creeper":5,"minecraft:sheep":1,"minecraft:pillager":3,"minecraft:zombie":55,"minecraft:enderman":2,"minecraft:cow":4},"minecraft:dropped":{"minecraft:bread":152,"minecraft:wheat_seeds":3,"minecraft:oak_log":119,"minecraft:diamond":3,"minecraft:leather":4,"minecraft:granite":1,"minecraft:jungle_planks":4,"minecraft:coal":2,"minecraft:dirt":1,"minecraft:mutton":2,"minecraft:wooden_axe":2,"minecraft:melon_slice":3,"minecraft:writable_book":1,"minecraft:white_banner":1,"minecraft:iron_pickaxe":1,"minecraft:anvil":1,"minecraft:stone_axe":1,"minecraft:netherite_sword":1,"minecraft:rotten_flesh":23,"minecraft:name_tag":1,"minecraft:andesite":4,"minecraft:wooden_pickaxe":1,"minecraft:oak_leaves":91},"minecraft:custom":{"minecraft:mob_kills":102,"minecraft:interact_with_anvil":1,"minecraft:interact_with_crafting_table":54,"minecraft:leave_game":8,"minecraft:time_since_death":4915,"minecraft:climb_one_cm":12181,"minecraft:sprint_one_cm":682389,"minecraft:walk_one_cm":618264,"minecraft:damage_blocked_by_shield":970,"minecraft:drop":43,"minecraft:damage_dealt_absorbed":61,"minecraft:play_time":315355,"minecraft:deaths":14,"minecraft:sneak_time":32267,"minecraft:walk_under_water_one_cm":19462,"minecraft:jump":3261,"minecraft:walk_on_water_one_cm":28519,"minecraft:total_world_time":315355,"minecraft:interact_with_furnace":32,"minecraft:sleep_in_bed":4,"minecraft:time_since_rest":4935,"minecraft:damage_taken":9919,"minecraft:damage_dealt":20895,"minecraft:swim_one_cm":99173,"minecraft:player_kills":5,"minecraft:fly_one_cm":1558999,"minecraft:open_chest":21,"minecraft:crouch_one_cm":88704,"minecraft:fall_one_cm":95662},"minecraft:picked_up":{"minecraft:wooden_axe":5,"minecraft:cocoa_beans":3,"minecraft:iron_chestplate":3,"minecraft:crafting_table":15,"minecraft:wheat":76,"minecraft:azure_bluet":2,"minecraft:wooden_pickaxe":7,"minecraft:shield":3,"minecraft:cornflower":1,"minecraft:string":24,"minecraft:iron_axe":2,"minecraft:wooden_sword":7,"minecraft:iron_leggings":2,"minecraft:cobbled_deepslate":285,"minecraft:netherite_sword":2,"minecraft:beef":72,"minecraft:jungle_sapling":13,"minecraft:iron_pickaxe":4,"minecraft:enchanted_golden_apple":64,"minecraft:melon_slice":106,"minecraft:sugar_cane":3,"minecraft:chest":2,"minecraft:phantom_membrane":1,"minecraft:furnace":8,"minecraft:iron_boots":4,"minecraft:egg":2,"minecraft:sandstone":120,"minecraft:stick":218,"minecraft:raw_iron":162,"minecraft:oak_door":3,"minecraft:brown_terracotta":2,"minecraft:oak_fence":1,"minecraft:torch":19,"minecraft:diorite":38,"minecraft:redstone":320,"minecraft:rotten_flesh":78,"minecraft:stone_sword":3,"minecraft:arrow":21,"minecraft:totem_of_undying":1,"minecraft:mutton":2,"minecraft:white_wool":16,"minecraft:cobblestone":334,"minecraft:oxeye_daisy":1,"minecraft:stripped_oak_log":1,"minecraft:cooked_beef":64,"minecraft:andesite":18,"minecraft:jungle_log":189,"minecraft:brown_wool":5,"minecraft:leather":4,"minecraft:potato":3,"minecraft:tuff":48,"minecraft:oak_log":210,"minecraft:gunpowder":17,"minecraft:dirt":218,"minecraft:lapis_lazuli":51,"minecraft:white_banner":1,"minecraft:orange_terracotta":6,"minecraft:leather_boots":2,"minecraft:smooth_sandstone":4,"minecraft:bone":42,"minecraft:acacia_planks":1,"minecraft:apple":196,"minecraft:bow":3,"minecraft:wheat_seeds":422,"minecraft:raw_gold":60,"minecraft:iron_ingot":27,"minecraft:stone_pickaxe":2,"minecraft:oak_planks":52,"minecraft:iron_sword":2,"minecraft:cooked_porkchop":147,"minecraft:dandelion":6,"minecraft:jungle_planks":50,"minecraft:gravel":1,"minecraft:sand":5,"minecraft:white_bed":3,"minecraft:diamond_block":4,"minecraft:spider_eye":1,"minecraft:red_terracotta":1,"minecraft:stripped_jungle_log":1,"minecraft:diamond":78,"minecraft:deepslate":3,"minecraft:stone_axe":1,"minecraft:writable_book":2,"minecraft:iron_helmet":3,"minecraft:granite":26,"minecraft:golden_apple":62,"minecraft:terracotta":39,"minecraft:oak_sapling":75,"minecraft:oak_leaves":91,"minecraft:coal":137,"minecraft:ender_pearl":2,"minecraft:diamond_pickaxe":3}},"DataVersion":2975}