{"stats":{"minecraft:killed_by":{"minecraft:player":5,"minecraft:skeleton":1,"minecraft:zombie":2},"minecraft:crafted":{"minecraft:oak_planks":76,"minecraft:furnace":2,"minecraft:diamond":36,"minecraft:iron_boots":1,"minecraft:iron_axe":1,"minecraft:stone_pickaxe":1,"minecraft:crafting_table":1,"minecraft:wooden_pickaxe":2,"minecraft:iron_helmet":1,"minecraft:bread":24,"minecraft:air":0,"minecraft:jungle_planks":28,"minecraft:iron_chestplate":1,"minecraft:diamond_pickaxe":1,"minecraft:shield":1,"minecraft:stick":8,"minecraft:iron_ingot":25,"minecraft:iron_pickaxe":1,"minecraft:wooden_axe":1,"minecraft:stone_sword":1,"minecraft:iron_leggings":1,"minecraft:torch":28},"minecraft:mined":{"minecraft:tuff":14,"minecraft:oak_sapling":3,"minecraft:deepslate_diamond_ore":5,"minecraft:jungle_leaves":8,"minecraft:grass_block":1,"minecraft:jungle_log":7,"minecraft:furnace":2,"minecraft:jungle_sapling":1,"minecraft:iron_ore":28,"minecraft:cobbled_deepslate":32,"minecraft:andesite":4,"minecraft:deepslate_lapis_ore":2,"minecraft:vine":2,"minecraft:deepslate_iron_ore":33,"minecraft:stone":48,"minecraft:deepslate_redstone_ore":22,"minecraft:orange_terracotta":2,"minecraft:crafting_table":7,"minecraft:torch":6,"minecraft:melon":4,"minecraft:dead_bush":90,"minecraft:cobblestone":3,"minecraft:tall_grass":2,"minecraft:deepslate_gold_ore":21,"minecraft:diorite":7,"minecraft:wall_torch":1,"minecraft:red_terracotta":1,"minecraft:wheat":70,"minecraft:grass":46,"minecraft:oak_log":13,"minecraft:coal_ore":19,"minecraft:gravel":1,"minecraft:dirt":6,"minecraft:brown_terracotta":5,"minecraft:terracotta":16,"minecraft:gold_ore":6,"minecraft:oak_leaves":51,"minecraft:deepslate":123,"minecraft:fern":2},"minecraft:broken":{"minecraft:stone_pickaxe":1,"minecraft:wooden_axe":1},"minecraft:used":{"minecraft:stone_sword":53,"minecraft:shield":34,"minecraft:torch":37,"minecraft:dirt":6,"minecraft:anvil":1,"minecraft:jungle_planks":7,"minecraft:jungle_sapling":1,"minecraft:wooden_axe":46,"minecraft:iron_axe":89,"minecraft:bow":2,"minecraft:oak_sapling":3,"minecraft:furnace":3,"minecraft:cobbled_deepslate":98,"minecraft:stone_pickaxe":130,"minecraft:ender_pearl":1,"minecraft:wooden_pickaxe":59,"minecraft:crafting_table":7,"minecraft:diamond_pickaxe":47,"minecraft:apple":5,"minecraft:melon_slice":19,"minecraft:bread":2,"minecraft:iron_pickaxe":174,"minecraft:wooden_sword":21,"minecraft:cobblestone":37,"minecraft:cooked_porkchop":27},"minecraft:killed":{"minecraft:spider":2,"minecraft:skeleton":10,"minecraft:creeper":1,"minecraft:zombie":35,"minecraft:enderman":2,"minecraft:cow":4},"minecraft:dropped":{"minecraft:bread":64,"minecraft:leather":4,"minecraft:granite":1,"minecraft:coal":2,"minecraft:iron_pickaxe":1,"minecraft:anvil":1,"minecraft:netherite_sword":1,"minecraft:rotten_flesh":15,"minecraft:name_tag":1},"minecraft:custom":{"minecraft:mob_kills":55,"minecraft:interact_with_anvil":1,"minecraft:interact_with_crafting_table":22,"minecraft:leave_game":4,"minecraft:time_since_death":15968,"minecraft:climb_one_cm":462,"minecraft:sprint_one_cm":293970,"minecraft:walk_one_cm":287825,"minecraft:damage_blocked_by_shield":970,"minecraft:drop":12,"minecraft:damage_dealt_absorbed":61,"minecraft:play_time":124838,"minecraft:deaths":13,"minecraft:sneak_time":11934,"minecraft:walk_under_water_one_cm":6477,"minecraft:jump":1439,"minecraft:walk_on_water_one_cm":19636,"minecraft:total_world_time":124838,"minecraft:interact_with_furnace":11,"minecraft:time_since_rest":15988,"minecraft:damage_taken":6316,"minecraft:damage_dealt":11762,"minecraft:swim_one_cm":17187,"minecraft:player_kills":4,"minecraft:fly_one_cm":308819,"minecraft:open_chest":3,"minecraft:crouch_one_cm":29697,"minecraft:fall_one_cm":53536},"minecraft:picked_up":{"minecraft:wooden_axe":4,"minecraft:iron_chestplate":3,"minecraft:crafting_table":8,"minecraft:wheat":76,"minecraft:wooden_pickaxe":7,"minecraft:shield":3,"minecraft:string":4,"minecraft:iron_axe":2,"minecraft:wooden_sword":6,"minecraft:iron_leggings":2,"minecraft:cobbled_deepslate":257,"minecraft:netherite_sword":2,"minecraft:beef":9,"minecraft:jungle_sapling":5,"minecraft:iron_pickaxe":3,"minecraft:enchanted_golden_apple":64,"minecraft:melon_slice":37,"minecraft:egg":1,"minecraft:iron_boots":3,"minecraft:furnace":7,"minecraft:raw_iron":126,"minecraft:stick":139,"minecraft:brown_terracotta":2,"minecraft:oak_fence":1,"minecraft:torch":9,"minecraft:diorite":30,"minecraft:redstone":294,"minecraft:stone_sword":3,"minecraft:arrow":15,"minecraft:rotten_flesh":56,"minecraft:totem_of_undying":1,"minecraft:cobblestone":130,"minecraft:cooked_beef":64,"minecraft:andesite":14,"minecraft:jungle_log":7,"minecraft:leather":4,"minecraft:potato":3,"minecraft:tuff":48,"minecraft:oak_log":19,"minecraft:gunpowder":12,"minecraft:lapis_lazuli":14,"minecraft:dirt":9,"minecraft:orange_terracotta":6,"minecraft:leather_boots":2,"minecraft:bone":40,"minecraft:acacia_planks":1,"minecraft:apple":192,"minecraft:bow":3,"minecraft:wheat_seeds":404,"minecraft:raw_gold":45,"minecraft:iron_ingot":27,"minecraft:stone_pickaxe":2,"minecraft:oak_planks":47,"minecraft:iron_sword":2,"minecraft:cooked_porkchop":147,"minecraft:gravel":1,"minecraft:jungle_planks":29,"minecraft:diamond_block":4,"minecraft:red_terracotta":1,"minecraft:diamond":72,"minecraft:deepslate":3,"minecraft:stone_axe":1,"minecraft:iron_helmet":3,"minecraft:granite":13,"minecraft:golden_apple":62,"minecraft:terracotta":39,"minecraft:oak_sapling":39,"minecraft:coal":48,"minecraft:ender_pearl":2,"minecraft:diamond_pickaxe":2}},"DataVersion":2975}