{"stats":{"minecraft:killed_by":{"minecraft:skeleton":1},"minecraft:crafted":{"minecraft:wheat":135,"minecraft:crafting_table":1,"minecraft:bread":45,"minecraft:acacia_planks":20},"minecraft:mined":{"minecraft:red_sand":4,"minecraft:acacia_log":5,"minecraft:grass_block":1,"minecraft:hay_block":16,"minecraft:fire":2,"minecraft:acacia_leaves":1,"minecraft:dead_bush":5,"minecraft:wall_torch":1,"minecraft:wheat":3,"minecraft:grass":145,"minecraft:dirt":1},"minecraft:used":{"minecraft:netherite_sword":36,"minecraft:red_sand":4,"minecraft:flint_and_steel":27,"minecraft:zombie_villager_spawn_egg":3,"minecraft:chest":2,"minecraft:white_terracotta":159,"minecraft:iron_sword":4,"minecraft:stone":51,"minecraft:zombie_spawn_egg":16,"minecraft:torch":67,"minecraft:dirt":39,"minecraft:anvil":4,"minecraft:skeleton_spawn_egg":10,"minecraft:jungle_planks":5,"minecraft:glow_lichen":19,"minecraft:villager_spawn_egg":2,"minecraft:grass_block":235,"minecraft:bedrock":6,"minecraft:egg":467,"minecraft:cobbled_deepslate":100,"minecraft:acacia_planks":16,"minecraft:water_bucket":4,"minecraft:diorite":4,"minecraft:oak_planks":34,"minecraft:oak_leaves":4,"minecraft:golden_apple":2,"minecraft:terracotta":677,"minecraft:tnt":17,"minecraft:crafting_table":1,"minecraft:creeper_spawn_egg":9,"minecraft:enderman_spawn_egg":2,"minecraft:black_concrete":5,"minecraft:deepslate_iron_ore":4,"minecraft:bread":8,"minecraft:netherite_axe":11,"minecraft:deepslate":150,"minecraft:andesite":6,"minecraft:bucket":5,"minecraft:oak_boat":5,"minecraft:white_concrete":44,"minecraft:splash_potion":105,"minecraft:soul_torch":44},"minecraft:killed":{"minecraft:skeleton":11,"minecraft:zombie_villager":3,"minecraft:creeper":1,"minecraft:zombie":9,"minecraft:villager":1},"minecraft:dropped":{"minecraft:water_bucket":4,"minecraft:iron_ingot":39,"minecraft:wheat_seeds":13,"minecraft:lapis_lazuli":14,"minecraft:diamond":520,"minecraft:cooked_porkchop":165,"minecraft:creeper_spawn_egg":1,"minecraft:iron_helmet":1,"minecraft:cobblestone":1,"minecraft:apple":126,"minecraft:granite":4,"minecraft:jungle_planks":4,"minecraft:chainmail_helmet":1,"minecraft:coal":9,"minecraft:stick":11,"minecraft:dirt":1,"minecraft:diorite":1,"minecraft:iron_leggings":3,"minecraft:jungle_sapling":1,"minecraft:iron_axe":1,"minecraft:iron_pickaxe":2,"minecraft:chainmail_leggings":1,"minecraft:string":2,"minecraft:bone":7,"minecraft:redstone":196,"minecraft:gravel":1,"minecraft:furnace":2,"minecraft:diamond_block":12,"minecraft:cobbled_deepslate":48,"minecraft:deepslate":4,"minecraft:raw_iron":27,"minecraft:rotten_flesh":19,"minecraft:oak_planks":2,"minecraft:iron_boots":3,"minecraft:diamond_shovel":1,"minecraft:chainmail_chestplate":1,"minecraft:potato":1,"minecraft:shield":2,"minecraft:gunpowder":8,"minecraft:iron_chestplate":3,"minecraft:diamond_pickaxe":1,"minecraft:andesite":2,"minecraft:melon_seeds":2,"minecraft:oak_boat":4,"minecraft:oak_sapling":3,"minecraft:chest":1,"minecraft:chainmail_boots":1,"minecraft:bamboo":2,"minecraft:arrow":13,"minecraft:bow":1,"minecraft:podzol":1,"minecraft:raw_gold":29,"minecraft:terracotta":1},"minecraft:custom":{"minecraft:interact_with_anvil":7,"minecraft:mob_kills":30,"minecraft:interact_with_crafting_table":1,"minecraft:leave_game":3,"minecraft:time_since_death":3149,"minecraft:climb_one_cm":1036,"minecraft:sprint_one_cm":269471,"minecraft:walk_one_cm":196652,"minecraft:drop":120,"minecraft:play_time":152960,"minecraft:deaths":21,"minecraft:sneak_time":6708,"minecraft:walk_under_water_one_cm":100542,"minecraft:jump":1633,"minecraft:walk_on_water_one_cm":31392,"minecraft:total_world_time":152960,"minecraft:sleep_in_bed":1,"minecraft:time_since_rest":3169,"minecraft:damage_taken":1307,"minecraft:damage_absorbed":80,"minecraft:damage_dealt":4247,"minecraft:player_kills":7,"minecraft:fly_one_cm":1261289,"minecraft:swim_one_cm":25525,"minecraft:open_chest":9,"minecraft:crouch_one_cm":6533,"minecraft:fall_one_cm":20372},"minecraft:picked_up":{"minecraft:iron_chestplate":3,"minecraft:chainmail_boots":1,"minecraft:shield":1,"minecraft:string":2,"minecraft:iron_axe":1,"minecraft:iron_leggings":3,"minecraft:red_sand":4,"minecraft:cobbled_deepslate":50,"minecraft:oak_boat":3,"minecraft:jungle_sapling":1,"minecraft:iron_pickaxe":1,"minecraft:iron_boots":3,"minecraft:furnace":2,"minecraft:raw_iron":27,"minecraft:stick":72,"minecraft:torch":4,"minecraft:acacia_log":5,"minecraft:redstone":196,"minecraft:arrow":20,"minecraft:rotten_flesh":24,"minecraft:hay_block":15,"minecraft:cobblestone":1,"minecraft:water_bucket":3,"minecraft:andesite":2,"minecraft:potato":1,"minecraft:chainmail_chestplate":1,"minecraft:gunpowder":8,"minecraft:lapis_lazuli":14,"minecraft:dirt":147,"minecraft:bone":11,"minecraft:apple":62,"minecraft:bow":1,"minecraft:wheat_seeds":70,"minecraft:raw_gold":29,"minecraft:iron_ingot":7,"minecraft:bamboo":6,"minecraft:cooked_porkchop":37,"minecraft:gravel":1,"minecraft:jungle_planks":4,"minecraft:diamond_block":8,"minecraft:deepslate":1,"minecraft:diamond":3,"minecraft:chainmail_leggings":1,"minecraft:iron_helmet":1,"minecraft:granite":4,"minecraft:white_concrete":16,"minecraft:chainmail_helmet":1,"minecraft:terracotta":1,"minecraft:oak_sapling":3,"minecraft:melon_seeds":2,"minecraft:coal":14,"minecraft:diamond_pickaxe":1}},"DataVersion":2975}