{"stats":{"minecraft:killed":{"minecraft:spider":3,"minecraft:slime":14,"minecraft:skeleton":19,"minecraft:pig":8,"minecraft:zombie_villager":4,"minecraft:creeper":7,"minecraft:sheep":11,"minecraft:zombie":25,"minecraft:villager":1,"minecraft:cow":4},"minecraft:mined":{"minecraft:tuff":10,"minecraft:deepslate_diamond_ore":5,"minecraft:obsidian":22,"minecraft:cave_vines_plant":15,"minecraft:granite":2,"minecraft:acacia_log":5,"minecraft:red_sand":4,"minecraft:grass_block":1,"minecraft:moss_block":6,"minecraft:hay_block":16,"minecraft:spore_blossom":1,"minecraft:furnace":5,"minecraft:iron_ore":60,"minecraft:fire":2,"minecraft:andesite":1,"minecraft:vine":3,"minecraft:cave_vines":30,"minecraft:deepslate_iron_ore":10,"minecraft:bamboo":5,"minecraft:stone":82,"minecraft:deepslate_redstone_ore":16,"minecraft:acacia_leaves":1,"minecraft:flowering_azalea":3,"minecraft:crafting_table":8,"minecraft:clay":5,"minecraft:torch":5,"minecraft:melon":15,"minecraft:dead_bush":5,"minecraft:tall_grass":4,"minecraft:copper_ore":1,"minecraft:cobblestone":2,"minecraft:deepslate_coal_ore":1,"minecraft:deepslate_gold_ore":11,"minecraft:sugar_cane":3,"minecraft:diorite":3,"minecraft:wall_torch":8,"minecraft:wheat":3,"minecraft:grass":157,"minecraft:oak_log":2,"minecraft:coal_ore":331,"minecraft:gravel":2,"minecraft:dirt":1,"minecraft:oak_leaves":9,"minecraft:deepslate":41,"minecraft:fern":7},"minecraft:crafted":{"minecraft:oak_planks":4,"minecraft:furnace":2,"minecraft:iron_boots":1,"minecraft:iron_axe":1,"minecraft:stone_pickaxe":1,"minecraft:wheat":135,"minecraft:cooked_beef":3,"minecraft:crafting_table":2,"minecraft:iron_helmet":1,"minecraft:bucket":1,"minecraft:stone_axe":1,"minecraft:bread":45,"minecraft:air":0,"minecraft:iron_chestplate":1,"minecraft:diamond_pickaxe":1,"minecraft:stick":12,"minecraft:iron_ingot":41,"minecraft:iron_pickaxe":1,"minecraft:iron_leggings":1,"minecraft:acacia_planks":20,"minecraft:torch":12},"minecraft:used":{"minecraft:moss_block":3,"minecraft:moss_carpet":2,"minecraft:netherite_sword":36,"minecraft:red_sand":4,"minecraft:flint_and_steel":27,"minecraft:tropical_fish":1,"minecraft:zombie_villager_spawn_egg":3,"minecraft:chest":2,"minecraft:white_terracotta":159,"minecraft:iron_sword":4,"minecraft:stone":51,"minecraft:zombie_spawn_egg":16,"minecraft:iron_chestplate":1,"minecraft:torch":81,"minecraft:dirt":39,"minecraft:anvil":4,"minecraft:skeleton_spawn_egg":10,"minecraft:jungle_planks":5,"minecraft:tuff":10,"minecraft:glow_lichen":19,"minecraft:flowering_azalea":3,"minecraft:villager_spawn_egg":2,"minecraft:grass_block":235,"minecraft:iron_axe":101,"minecraft:iron_helmet":1,"minecraft:iron_boots":1,"minecraft:bedrock":6,"minecraft:furnace":5,"minecraft:egg":467,"minecraft:cooked_beef":3,"minecraft:acacia_planks":16,"minecraft:cobbled_deepslate":136,"minecraft:iron_leggings":1,"minecraft:water_bucket":9,"minecraft:diorite":4,"minecraft:stone_pickaxe":131,"minecraft:oak_planks":34,"minecraft:oak_leaves":4,"minecraft:golden_apple":2,"minecraft:glow_berries":16,"minecraft:terracotta":677,"minecraft:tnt":17,"minecraft:crafting_table":9,"minecraft:creeper_spawn_egg":9,"minecraft:enderman_spawn_egg":2,"minecraft:diamond_pickaxe":238,"minecraft:black_concrete":5,"minecraft:bread":8,"minecraft:deepslate_iron_ore":4,"minecraft:melon_slice":78,"minecraft:iron_pickaxe":289,"minecraft:netherite_axe":11,"minecraft:deepslate":150,"minecraft:gravel":2,"minecraft:stone_axe":74,"minecraft:cobblestone":40,"minecraft:andesite":7,"minecraft:bucket":11,"minecraft:oak_boat":5,"minecraft:white_concrete":44,"minecraft:splash_potion":105,"minecraft:soul_torch":44},"minecraft:dropped":{"minecraft:water_bucket":4,"minecraft:iron_ingot":39,"minecraft:moss_block":3,"minecraft:wheat_seeds":17,"minecraft:lapis_lazuli":14,"minecraft:diamond":520,"minecraft:spore_blossom":1,"minecraft:cooked_porkchop":165,"minecraft:creeper_spawn_egg":1,"minecraft:iron_helmet":1,"minecraft:cobblestone":1,"minecraft:leather":1,"minecraft:apple":126,"minecraft:granite":4,"minecraft:jungle_planks":4,"minecraft:chainmail_helmet":1,"minecraft:coal":9,"minecraft:stick":11,"minecraft:dirt":1,"minecraft:diorite":1,"minecraft:brown_wool":1,"minecraft:iron_leggings":3,"minecraft:jungle_sapling":1,"minecraft:iron_axe":1,"minecraft:iron_pickaxe":2,"minecraft:chainmail_leggings":1,"minecraft:string":10,"minecraft:bone":7,"minecraft:redstone":196,"minecraft:gravel":1,"minecraft:furnace":2,"minecraft:moss_carpet":1,"minecraft:diamond_block":12,"minecraft:cobbled_deepslate":48,"minecraft:raw_copper":2,"minecraft:deepslate":4,"minecraft:raw_iron":27,"minecraft:rotten_flesh":29,"minecraft:oak_planks":2,"minecraft:iron_boots":3,"minecraft:diamond_shovel":1,"minecraft:chainmail_chestplate":1,"minecraft:potato":1,"minecraft:shield":2,"minecraft:gunpowder":12,"minecraft:diamond_pickaxe":1,"minecraft:iron_chestplate":3,"minecraft:andesite":2,"minecraft:melon_seeds":2,"minecraft:chest":1,"minecraft:chainmail_boots":1,"minecraft:oak_boat":4,"minecraft:oak_sapling":5,"minecraft:bamboo":2,"minecraft:arrow":13,"minecraft:bow":1,"minecraft:podzol":1,"minecraft:raw_gold":29,"minecraft:terracotta":1},"minecraft:picked_up":{"minecraft:crafting_table":8,"minecraft:iron_chestplate":3,"minecraft:chainmail_boots":1,"minecraft:clay_ball":21,"minecraft:shield":1,"minecraft:string":10,"minecraft:moss_carpet":3,"minecraft:raw_copper":2,"minecraft:iron_axe":1,"minecraft:iron_leggings":3,"minecraft:red_sand":4,"minecraft:cobbled_deepslate":98,"minecraft:beef":7,"minecraft:oak_boat":3,"minecraft:jungle_sapling":1,"minecraft:iron_pickaxe":1,"minecraft:melon_slice":78,"minecraft:sugar_cane":7,"minecraft:iron_boots":3,"minecraft:furnace":7,"minecraft:stick":89,"minecraft:raw_iron":110,"minecraft:torch":17,"minecraft:acacia_log":5,"minecraft:porkchop":13,"minecraft:diorite":4,"minecraft:redstone":266,"minecraft:arrow":26,"minecraft:rotten_flesh":34,"minecraft:tropical_fish":1,"minecraft:hay_block":15,"minecraft:gold_ingot":6,"minecraft:mutton":19,"minecraft:glow_berries":19,"minecraft:obsidian":24,"minecraft:white_wool":6,"minecraft:cobblestone":105,"minecraft:water_bucket":3,"minecraft:andesite":3,"minecraft:leather":1,"minecraft:brown_wool":1,"minecraft:potato":1,"minecraft:tuff":10,"minecraft:oak_log":1,"minecraft:chainmail_chestplate":1,"minecraft:gunpowder":16,"minecraft:lapis_lazuli":14,"minecraft:dirt":147,"minecraft:bone":18,"minecraft:apple":62,"minecraft:bow":1,"minecraft:wheat_seeds":74,"minecraft:raw_gold":41,"minecraft:spore_blossom":1,"minecraft:iron_ingot":16,"minecraft:bamboo":67,"minecraft:moss_block":6,"minecraft:flowering_azalea":3,"minecraft:oak_planks":6,"minecraft:cooked_porkchop":37,"minecraft:gravel":3,"minecraft:jungle_planks":4,"minecraft:diamond_block":8,"minecraft:slime_ball":7,"minecraft:diamond":8,"minecraft:deepslate":1,"minecraft:chainmail_leggings":1,"minecraft:iron_helmet":1,"minecraft:granite":8,"minecraft:white_concrete":16,"minecraft:chainmail_helmet":1,"minecraft:terracotta":1,"minecraft:oak_sapling":5,"minecraft:melon_seeds":2,"minecraft:coal":536,"minecraft:diamond_pickaxe":1},"minecraft:killed_by":{"minecraft:skeleton":1},"minecraft:custom":{"minecraft:mob_kills":101,"minecraft:interact_with_anvil":7,"minecraft:interact_with_crafting_table":25,"minecraft:leave_game":4,"minecraft:time_since_death":93333,"minecraft:climb_one_cm":7225,"minecraft:sprint_one_cm":653842,"minecraft:walk_one_cm":345324,"minecraft:drop":132,"minecraft:play_time":243144,"minecraft:deaths":21,"minecraft:sneak_time":20689,"minecraft:walk_under_water_one_cm":105266,"minecraft:jump":3846,"minecraft:walk_on_water_one_cm":72906,"minecraft:total_world_time":243144,"minecraft:interact_with_furnace":45,"minecraft:sleep_in_bed":1,"minecraft:time_since_rest":93353,"minecraft:damage_taken":2616,"minecraft:damage_absorbed":80,"minecraft:damage_dealt":13898,"minecraft:player_kills":7,"minecraft:swim_one_cm":52009,"minecraft:fly_one_cm":1758298,"minecraft:open_chest":9,"minecraft:crouch_one_cm":46430,"minecraft:fall_one_cm":76618},"minecraft:broken":{"minecraft:stone_pickaxe":1,"minecraft:stone_axe":1,"minecraft:iron_pickaxe":1}},"DataVersion":2975}