{"stats":{"minecraft:killed_by":{"minecraft:skeleton":1},"minecraft:crafted":{"minecraft:smooth_stone":3,"minecraft:oak_planks":48,"minecraft:furnace":2,"minecraft:cobblestone_stairs":32,"minecraft:cooked_mutton":19,"minecraft:iron_boots":1,"minecraft:iron_axe":2,"minecraft:stone_pickaxe":1,"minecraft:chest":2,"minecraft:lead":2,"minecraft:wheat":135,"minecraft:cooked_beef":3,"minecraft:cooked_porkchop":8,"minecraft:crafting_table":4,"minecraft:iron_helmet":1,"minecraft:bucket":2,"minecraft:stone_axe":1,"minecraft:bread":45,"minecraft:air":0,"minecraft:jungle_planks":12,"minecraft:oak_boat":2,"minecraft:iron_chestplate":1,"minecraft:diamond_pickaxe":1,"minecraft:stick":12,"minecraft:iron_ingot":61,"minecraft:iron_pickaxe":1,"minecraft:iron_shovel":1,"minecraft:iron_leggings":1,"minecraft:gold_ingot":4,"minecraft:white_bed":1,"minecraft:acacia_planks":20,"minecraft:torch":60},"minecraft:mined":{"minecraft:tuff":10,"minecraft:white_bed":5,"minecraft:deepslate_diamond_ore":7,"minecraft:obsidian":22,"minecraft:cave_vines_plant":15,"minecraft:granite":2,"minecraft:red_sand":4,"minecraft:acacia_log":5,"minecraft:grass_block":63,"minecraft:jungle_log":3,"minecraft:moss_block":6,"minecraft:hay_block":16,"minecraft:spore_blossom":1,"minecraft:carrots":14,"minecraft:furnace":5,"minecraft:cobbled_deepslate":1,"minecraft:iron_ore":62,"minecraft:fire":2,"minecraft:andesite":1,"minecraft:deepslate_lapis_ore":4,"minecraft:potatoes":9,"minecraft:dirt_path":12,"minecraft:cave_vines":30,"minecraft:deepslate_iron_ore":10,"minecraft:vine":7,"minecraft:bamboo":17,"minecraft:stone":183,"minecraft:podzol":4,"minecraft:deepslate_redstone_ore":16,"minecraft:acacia_leaves":1,"minecraft:flowering_azalea":3,"minecraft:clay":5,"minecraft:crafting_table":10,"minecraft:torch":8,"minecraft:melon":15,"minecraft:rose_bush":7,"minecraft:dead_bush":5,"minecraft:tall_grass":4,"minecraft:copper_ore":1,"minecraft:cobblestone":25,"minecraft:deepslate_coal_ore":1,"minecraft:deepslate_gold_ore":11,"minecraft:sugar_cane":10,"minecraft:diorite":3,"minecraft:wall_torch":9,"minecraft:wheat":33,"minecraft:grass":186,"minecraft:coal_ore":331,"minecraft:oak_log":11,"minecraft:beetroots":2,"minecraft:gravel":2,"minecraft:sand":3,"minecraft:dirt":73,"minecraft:oak_leaves":31,"minecraft:deepslate":47,"minecraft:fern":12},"minecraft:broken":{"minecraft:stone_pickaxe":1,"minecraft:iron_axe":1,"minecraft:stone_axe":1,"minecraft:iron_pickaxe":1},"minecraft:used":{"minecraft:moss_block":3,"minecraft:moss_carpet":2,"minecraft:netherite_sword":36,"minecraft:red_sand":4,"minecraft:iron_shovel":136,"minecraft:flint_and_steel":27,"minecraft:tropical_fish":1,"minecraft:zombie_villager_spawn_egg":3,"minecraft:chest":4,"minecraft:white_terracotta":159,"minecraft:iron_sword":4,"minecraft:stone":51,"minecraft:zombie_spawn_egg":16,"minecraft:iron_chestplate":1,"minecraft:torch":114,"minecraft:dirt":154,"minecraft:anvil":4,"minecraft:skeleton_spawn_egg":10,"minecraft:jungle_planks":10,"minecraft:carrot":38,"minecraft:tuff":10,"minecraft:granite":4,"minecraft:glow_lichen":19,"minecraft:axolotl_bucket":3,"minecraft:flowering_azalea":3,"minecraft:villager_spawn_egg":2,"minecraft:grass_block":235,"minecraft:iron_axe":232,"minecraft:iron_helmet":1,"minecraft:iron_boots":2,"minecraft:bamboo":1,"minecraft:bedrock":6,"minecraft:beef":4,"minecraft:furnace":7,"minecraft:oak_sapling":1,"minecraft:egg":467,"minecraft:potato":16,"minecraft:cooked_beef":3,"minecraft:acacia_planks":16,"minecraft:cobbled_deepslate":150,"minecraft:iron_leggings":1,"minecraft:wheat_seeds":6,"minecraft:cooked_mutton":13,"minecraft:water_bucket":51,"minecraft:diorite":8,"minecraft:cobblestone_stairs":21,"minecraft:stone_pickaxe":131,"minecraft:oak_planks":34,"minecraft:cobblestone_slab":5,"minecraft:oak_leaves":4,"minecraft:golden_apple":2,"minecraft:glow_berries":19,"minecraft:terracotta":677,"minecraft:tnt":17,"minecraft:crafting_table":13,"minecraft:white_bed":4,"minecraft:creeper_spawn_egg":9,"minecraft:enderman_spawn_egg":2,"minecraft:black_concrete":5,"minecraft:diamond_pickaxe":379,"minecraft:bread":10,"minecraft:deepslate_iron_ore":4,"minecraft:melon_slice":78,"minecraft:iron_pickaxe":289,"minecraft:netherite_axe":11,"minecraft:deepslate":150,"minecraft:gravel":2,"minecraft:stone_axe":74,"minecraft:cobblestone":83,"minecraft:porkchop":5,"minecraft:white_banner":1,"minecraft:cooked_porkchop":8,"minecraft:bucket":55,"minecraft:andesite":7,"minecraft:oak_boat":8,"minecraft:white_concrete":44,"minecraft:splash_potion":105,"minecraft:soul_torch":44},"minecraft:killed":{"minecraft:spider":6,"minecraft:slime":14,"minecraft:skeleton":24,"minecraft:tropical_fish":7,"minecraft:pig":14,"minecraft:zombie_villager":4,"minecraft:creeper":10,"minecraft:sheep":11,"minecraft:zombie":33,"minecraft:villager":1,"minecraft:cow":4},"minecraft:dropped":{"minecraft:water_bucket":4,"minecraft:iron_ingot":39,"minecraft:moss_block":7,"minecraft:wheat_seeds":22,"minecraft:lapis_lazuli":14,"minecraft:cooked_porkchop":165,"minecraft:diamond":520,"minecraft:spore_blossom":1,"minecraft:crafting_table":2,"minecraft:creeper_spawn_egg":1,"minecraft:iron_helmet":1,"minecraft:cobblestone":27,"minecraft:apple":126,"minecraft:leather":1,"minecraft:granite":4,"minecraft:jungle_planks":4,"minecraft:coal":16,"minecraft:chainmail_helmet":1,"minecraft:stick":11,"minecraft:dirt":82,"minecraft:diorite":1,"minecraft:brown_wool":1,"minecraft:iron_leggings":3,"minecraft:jungle_sapling":1,"minecraft:iron_axe":1,"minecraft:iron_pickaxe":2,"minecraft:chainmail_leggings":1,"minecraft:string":10,"minecraft:white_wool":3,"minecraft:bone":7,"minecraft:redstone":208,"minecraft:gravel":1,"minecraft:furnace":2,"minecraft:moss_carpet":1,"minecraft:diamond_block":12,"minecraft:cobbled_deepslate":49,"minecraft:raw_copper":2,"minecraft:deepslate":4,"minecraft:raw_iron":27,"minecraft:rotten_flesh":29,"minecraft:oak_planks":32,"minecraft:clay_ball":21,"minecraft:iron_boots":3,"minecraft:diamond_shovel":1,"minecraft:chainmail_chestplate":1,"minecraft:potato":1,"minecraft:shield":2,"minecraft:gunpowder":12,"minecraft:diamond_pickaxe":1,"minecraft:iron_chestplate":3,"minecraft:azalea":1,"minecraft:andesite":2,"minecraft:chest":1,"minecraft:melon_seeds":2,"minecraft:chainmail_boots":1,"minecraft:oak_boat":4,"minecraft:oak_sapling":5,"minecraft:bamboo":30,"minecraft:arrow":21,"minecraft:bow":1,"minecraft:raw_gold":29,"minecraft:podzol":1,"minecraft:terracotta":1},"minecraft:custom":{"minecraft:mob_kills":135,"minecraft:interact_with_anvil":7,"minecraft:interact_with_crafting_table":55,"minecraft:leave_game":5,"minecraft:time_since_death":231631,"minecraft:climb_one_cm":14640,"minecraft:sprint_one_cm":1186313,"minecraft:walk_one_cm":592504,"minecraft:drop":164,"minecraft:play_time":381442,"minecraft:deaths":21,"minecraft:sneak_time":25005,"minecraft:walk_under_water_one_cm":128297,"minecraft:boat_one_cm":425876,"minecraft:jump":7251,"minecraft:interact_with_blast_furnace":3,"minecraft:walk_on_water_one_cm":126880,"minecraft:total_world_time":381442,"minecraft:interact_with_furnace":72,"minecraft:sleep_in_bed":6,"minecraft:time_since_rest":36120,"minecraft:damage_taken":3641,"minecraft:damage_absorbed":80,"minecraft:damage_dealt":18680,"minecraft:swim_one_cm":88270,"minecraft:player_kills":7,"minecraft:fly_one_cm":2439859,"minecraft:open_chest":70,"minecraft:crouch_one_cm":61660,"minecraft:fall_one_cm":158104},"minecraft:picked_up":{"minecraft:crafting_table":11,"minecraft:iron_chestplate":3,"minecraft:wheat":21,"minecraft:chainmail_boots":1,"minecraft:clay_ball":21,"minecraft:shield":1,"minecraft:string":37,"minecraft:moss_carpet":3,"minecraft:raw_copper":2,"minecraft:iron_axe":1,"minecraft:iron_leggings":3,"minecraft:beetroot":2,"minecraft:red_sand":4,"minecraft:cobbled_deepslate":101,"minecraft:beef":7,"minecraft:oak_boat":4,"minecraft:azalea":1,"minecraft:jungle_sapling":1,"minecraft:iron_pickaxe":1,"minecraft:melon_slice":78,"minecraft:sugar_cane":23,"minecraft:iron_boots":3,"minecraft:furnace":7,"minecraft:stick":90,"minecraft:raw_iron":110,"minecraft:torch":25,"minecraft:acacia_log":5,"minecraft:porkchop":23,"minecraft:diorite":4,"minecraft:carrot":42,"minecraft:redstone":272,"minecraft:rotten_flesh":52,"minecraft:arrow":31,"minecraft:tropical_fish":6,"minecraft:beetroot_seeds":5,"minecraft:hay_block":15,"minecraft:gold_ingot":6,"minecraft:obsidian":24,"minecraft:glow_berries":19,"minecraft:mutton":19,"minecraft:cobblestone":244,"minecraft:white_wool":6,"minecraft:jungle_log":3,"minecraft:water_bucket":3,"minecraft:andesite":3,"minecraft:brown_wool":1,"minecraft:leather":1,"minecraft:potato":17,"minecraft:tuff":10,"minecraft:oak_log":12,"minecraft:chainmail_chestplate":1,"minecraft:gunpowder":22,"minecraft:lapis_lazuli":37,"minecraft:dirt":450,"minecraft:white_banner":1,"minecraft:name_tag":1,"minecraft:bone":27,"minecraft:apple":62,"minecraft:bow":1,"minecraft:wheat_seeds":155,"minecraft:raw_gold":41,"minecraft:spore_blossom":1,"minecraft:iron_ingot":16,"minecraft:bamboo":282,"minecraft:moss_block":10,"minecraft:flowering_azalea":3,"minecraft:oak_planks":34,"minecraft:cooked_porkchop":37,"minecraft:gravel":3,"minecraft:jungle_planks":4,"minecraft:white_bed":4,"minecraft:diamond_block":8,"minecraft:slime_ball":7,"minecraft:deepslate":1,"minecraft:diamond":10,"minecraft:chainmail_leggings":1,"minecraft:iron_helmet":1,"minecraft:granite":8,"minecraft:white_concrete":16,"minecraft:bread":2,"minecraft:chainmail_helmet":1,"minecraft:terracotta":1,"minecraft:oak_sapling":6,"minecraft:melon_seeds":2,"minecraft:coal":536,"minecraft:diamond_pickaxe":1}},"DataVersion":2975}